Date,Step Count,Distance (km),Calories Burned
2018-04-09,660,278.48611999999997,0.0
2018-04-10,1043,440.07375999999994,0.0
2018-04-11,330,136.216974,0.0
2018-04-12,7062,3034.5208799999996,0.0
2018-04-13,1135,482.6686,0.0
2018-04-14,7380,3143.7336050000004,0.0
2018-04-15,1447,562.7883699999999,0.0
2018-04-16,4417,1853.47664,0.0
2018-04-17,3150,1314.964608,0.0
2018-04-18,3739,1517.58108,0.0
2018-04-19,6174,2438.3409570000003,0.0
2018-04-20,5713,2379.2545739999996,0.0
2018-04-21,1365,552.8585600000001,0.0
2018-04-22,2881,1108.05396,0.0
2018-04-23,5524,2252.893679999999,0.0
2018-04-24,4272,1703.0356239999996,0.0
2018-04-25,3713,1480.5541600000001,0.0
2018-04-26,4018,1686.519987,0.0
2018-04-27,9025,3740.01118,0.0
2018-04-28,934,363.31585000000007,0.0
2018-04-29,909,355.40560999999997,0.0
2018-04-30,3890,1661.3469699999996,0.0
2018-05-01,7744,3192.4496049999993,0.0
2018-05-02,2989,1182.979474,0.0
2018-05-03,3333,1442.563602,0.0
2018-05-04,5538,2215.914852,0.0
2018-05-05,449,178.24043,0.0
2018-05-07,8609,3416.82732,0.0
2018-05-08,4994,2048.5400000000004,0.0
2018-05-09,3507,1344.0939699999997,0.0
2018-05-10,3031,1257.81007,0.0
2018-05-11,3755,1594.3440500000004,0.0
2018-05-12,1904,800.8297999999999,0.0
2018-05-13,1712,692.4994300000002,0.0
2018-05-14,4498,1768.0931900000007,0.0
2018-05-15,2905,1157.484095,0.0
2018-05-16,2600,1129.3867200000002,0.0
2018-05-17,3239,1345.5182199999997,0.0
2018-05-18,3952,1571.6581549999996,0.0
2018-05-21,21135,9337.347917000001,0.0
2018-05-22,2647,1145.98921,0.0
2018-05-23,2958,1322.9308999999998,0.0
2018-05-24,4783,1943.6363940000003,0.0
2018-05-25,3996,1692.1494400000001,0.0
2018-05-26,740,287.19789000000003,0.0
2018-05-27,3398,1195.5826299999999,0.0
2018-05-28,1430,557.7922500000001,0.0
2018-05-29,4102,1795.0668769999997,0.0
2018-05-30,3572,1524.2474999999997,0.0
2018-05-31,2783,1156.18541,0.0
2018-06-01,107,42.091710000000006,0.0
2018-06-02,5979,2469.6269540000003,0.0
2018-06-03,836,344.59986000000004,0.0
2018-06-04,5085,2163.8384699999997,0.0
2018-06-05,3528,1502.2396700000002,0.0
2018-06-06,4894,1986.6794599999998,0.0
2018-06-07,3541,1436.913356,0.0
2018-06-08,3906,1576.201667,0.0
2018-06-09,2094,860.07779,0.0
2018-06-10,275,113.481,0.0
2018-06-11,4214,1765.4581500000004,0.0
2018-06-12,2654,1141.7591400000001,0.0
2018-06-13,4885,1956.696697,0.0
2018-06-16,10695,4661.359912,0.0
2018-06-17,1220,532.82586,0.0
2018-06-18,3470,1513.5481100000002,0.0
2018-06-19,825,351.994395,0.0
2018-06-20,2605,1070.542117,0.0
2018-06-21,6092,2395.640836,0.0
2018-06-22,788,340.64775199999997,0.0
2018-06-23,1754,733.81545,0.0
2018-06-24,7123,2865.8901549999987,0.0
2018-06-25,7938,3286.72984,0.0
2018-06-26,14897,6270.754072,0.0
2018-06-27,10733,4575.1835599999995,0.0
2018-06-28,1569,624.2724,0.0
2018-06-29,14059,6329.750679999999,0.0
2018-06-30,6336,2539.8369199999997,0.0
2018-07-01,756,320.60810000000004,0.0
2018-07-02,1044,415.40510300000005,0.0
2018-07-03,1035,419.53512,0.0
2018-07-04,1615,678.60284,0.0
2018-07-05,847,350.422394,0.0
2018-07-06,1947,759.76878,0.0
2018-07-07,555,243.94406500000002,0.0
2018-07-08,518,196.12352000000004,0.0
2018-07-09,4300,1791.82102,0.0
2018-07-10,612,264.959022,0.0
2018-07-11,1315,526.2873,0.0
2018-07-12,2128,903.46112,0.0
2018-07-13,5456,2187.6739499999994,0.0
2018-07-14,4394,1757.0166299999999,0.0
2018-07-15,344,159.57431000000003,0.0
2018-07-16,1559,634.3387299999999,0.0
2018-07-17,2622,1076.32796,0.0
2018-07-18,1623,667.34596,0.0
2018-07-19,794,330.60074,0.0
2018-07-20,7160,2927.3905799999998,0.0
2018-07-21,2027,853.359688,0.0
2018-07-22,1119,469.73814,0.0
2018-07-23,590,237.95392999999999,0.0
2018-07-24,787,324.07628,0.0
2018-07-25,157,65.29984,0.0
2018-07-26,2375,990.6956700000001,0.0
2018-07-27,277,111.84671,0.0
2018-07-28,6297,2548.54838,0.0
2018-07-29,1717,728.3464499999999,0.0
2018-07-30,1237,488.229909,0.0
2018-07-31,6226,2771.36658,0.0
2018-08-01,5944,2547.078548,0.0
2018-08-02,1410,577.0545900000001,0.0
2018-08-03,6344,2793.4661400000005,0.0
2018-08-04,2461,1080.848025,0.0
2018-08-05,4489,1926.77112,0.0
2018-08-06,1760,717.4473000000002,0.0
2018-08-07,5583,2312.90999,0.0
2018-08-08,1766,704.6786029999997,0.0
2018-08-09,5530,2305.6266149999997,0.0
2018-08-10,4722,1858.174527,0.0
2018-08-11,14176,5813.728679999999,0.0
2018-08-12,10626,4420.13648,0.0
2018-08-13,10440,4479.432040000001,0.0
2018-08-14,3280,1423.79045,0.0
2018-08-15,16436,7066.917760000001,0.0
2018-08-16,2257,895.3398000000001,0.0
2018-08-17,4382,1819.24838,0.0
2018-08-18,5138,2106.25134,0.0
2018-08-19,322,136.26048999999998,0.0
2018-08-20,1999,890.2262000000001,0.0
2018-08-21,3805,1591.1766000000002,0.0
2018-08-22,749,353.2261699999999,0.0
2018-08-23,1160,500.51617999999996,0.0
2018-08-24,1220,509.62732,0.0
2018-08-25,199,76.75800000000001,0.0
2018-08-26,7373,2945.6470699999995,0.0
2018-08-27,2936,1074.009956,0.0
2018-08-28,681,281.97199,0.0
2018-08-29,715,306.91020000000003,0.0
2018-08-30,359,153.8493,0.0
2018-08-31,3791,1528.7968199999998,0.0
2018-09-01,1478,606.0543400000001,0.0
2018-09-02,1020,436.5319000000001,0.0
2018-09-03,349,138.88268,0.0
2018-09-12,37277,16678.899999999998,0.0
2018-09-13,1539,127.4122,0.0
2018-09-16,7508,3688.7179299999993,0.0
2018-09-17,138,55.432476,0.0
2018-09-22,15205,6456.81895,0.0
2018-09-24,12799,5260.31904,0.0
2018-09-25,155,69.1835,0.0
2018-09-28,13086,5665.3242900000005,0.0
2018-09-29,2427,1009.4489700000001,0.0
2018-09-30,364,146.74921999999998,0.0
2018-10-01,3631,1654.63707,0.0
2018-10-02,3258,1412.5883900000001,0.0
2018-10-03,2714,1141.1921900000002,0.0
2018-10-04,3151,1370.9616800000001,0.0
2018-10-05,7315,3011.81995,0.0
2018-10-06,9629,3758.3369599999996,0.0
2018-10-07,3267,1329.4924399999995,0.0
2018-10-08,1922,781.1196500000001,0.0
2018-10-09,10300,4728.29407,0.0
2018-10-10,2775,1211.6686359999999,0.0
2018-10-11,3480,1450.0808,0.0
2018-10-12,3588,1553.5330860000001,0.0
2018-10-13,4790,1969.4730699999998,0.0
2018-10-14,99,41.731359999999995,0.0
2018-10-15,686,304.59013,0.0
2018-10-16,4448,1859.3981999999999,0.0
2018-10-17,3108,1285.8282399999998,0.0
2018-10-18,3661,1548.91726,0.0
2018-10-19,3339,1485.0522299999998,0.0
2018-10-20,16488,7276.038764000001,0.0
2018-10-21,891,373.22853,0.0
2018-10-22,4855,2083.614167,0.0
2018-10-23,3751,1575.275,0.0
2018-10-24,6336,2650.39997,0.0
2018-10-25,5031,2178.3335999999995,0.0
2018-10-26,12665,5263.290219999999,0.0
2018-10-27,1670,681.6157600000001,0.0
2018-10-28,732,310.71666500000003,0.0
2018-10-29,4449,1937.2759600000002,0.0
2018-10-30,4727,2020.57232,0.0
2018-10-31,8051,3583.2442299999993,0.0
2018-11-01,3585,1539.41138,0.0
2018-11-02,2718,1202.2247399999999,0.0
2018-11-03,167,78.01945,0.0
2018-11-04,1143,471.74169,0.0
2018-11-05,3102,1335.65632,0.0
2018-11-06,4155,1780.57699,0.0
2018-11-07,7467,3327.413775,0.0
2018-11-08,9782,4088.9752899999994,0.0
2018-11-09,9308,4267.344821999999,0.0
2018-11-10,9353,3867.79835,0.0
2018-11-11,345,151.60836000000003,0.0
2018-11-12,6338,2690.89419,0.0
2018-11-13,5573,2360.41595,0.0
2018-11-14,3591,1568.8169500000001,0.0
2018-11-15,3700,1539.2734799999992,0.0
2018-11-16,2204,936.2313099999998,0.0
2018-11-17,2571,1125.7496800000001,0.0
2018-11-18,3679,1488.4825999999998,0.0
2018-11-19,5336,2358.99393,0.0
2018-11-20,3613,1567.86249,0.0
2018-11-21,3440,1539.18604,0.0
2018-11-22,1373,565.65901,0.0
2018-11-23,11465,4784.245600000001,0.0
2018-11-24,885,387.44336000000004,0.0
2018-11-25,2275,975.7331600000001,0.0
2018-11-26,3872,1711.9752399999998,0.0
2018-11-27,3174,1388.93131,0.0
2018-11-28,3563,1576.8006299999995,0.0
2018-11-29,2127,960.76014,0.0
2018-11-30,5733,2496.8241299999995,0.0
2018-12-01,4885,2129.936249,0.0
2018-12-02,1973,856.11899,0.0
2018-12-03,5040,2222.3695100000004,0.0
2018-12-04,3897,1653.905129,0.0
2018-12-05,5290,2272.20503,0.0
2018-12-06,5159,2323.2170499999997,0.0
2018-12-07,13851,6133.846860000001,0.0
2018-12-08,1135,493.47175000000004,0.0
2018-12-09,567,249.251151,27.83
2018-12-10,3914,1681.50783,0.0
2018-12-11,4253,1848.6217599999998,0.0
2018-12-12,3581,1583.07979,0.0
2018-12-13,3198,1426.7913400000004,0.0
2018-12-14,4769,2048.0099400000004,0.0
2018-12-15,837,362.706787,0.0
2018-12-16,2248,989.45846,0.0
2018-12-17,5880,2586.190070000001,0.0
2018-12-18,5096,2208.9053400000003,0.0
2018-12-19,3450,1521.8501300000003,0.0
2018-12-20,2509,1137.53156,0.0
2018-12-21,3649,1549.9793800000007,0.0
2018-12-22,6440,2738.134339999999,0.0
2018-12-23,5114,2098.34286,0.0
2018-12-24,3470,1486.960307,0.0
2018-12-25,2122,893.63154,0.0
2018-12-26,2445,1039.1062,0.0
2018-12-27,1775,764.56595,0.0
2018-12-28,497,211.30966999999998,0.0
2018-12-29,11162,5017.187160000001,0.0
2018-12-30,7162,2930.7673000000004,0.0
2018-12-31,1640,701.6088699999999,0.0
2019-01-01,1346,612.2437399999999,0.0
2019-01-02,2751,1234.1545900000003,0.0
2019-01-03,5258,2206.0598680000003,0.0
2019-01-04,2881,1297.49962,0.0
2019-01-05,4462,2003.0692370000004,0.0
2019-01-06,3187,1375.4423800000002,0.0
2019-01-07,4663,2021.6428999999996,0.0
2019-01-08,4881,2021.2642799999999,0.0
2019-01-09,3211,1439.11428,0.0
2019-01-10,5224,2331.1918600000004,0.0
2019-01-11,4670,1852.7917000000002,0.0
2019-01-12,5135,2226.7421900000004,0.0
2019-01-13,5465,2396.1537900000008,0.0
2019-01-14,6239,2713.86994,0.0
2019-01-15,8224,3551.5267,0.0
2019-01-16,5799,2499.5902400000004,0.0
2019-01-17,4829,2057.489648,0.0
2019-01-18,4955,2188.6958700000005,0.0
2019-01-19,2884,1214.2533199999996,0.0
2019-01-20,4882,2106.05805,0.0
2019-01-21,4542,1878.9434700000004,0.0
2019-01-22,5788,2551.9350700000005,0.0
2019-01-23,4192,1843.8206819999998,0.0
2019-01-24,5609,2405.3802100000007,0.0
2019-01-25,2806,1215.1477900000002,0.0
2019-01-26,5175,2174.3337400000005,0.0
2019-01-27,2840,1189.298069,0.0
2019-01-28,3398,1482.7662599999996,0.0
2019-01-29,4640,2061.5285200000003,0.0
2019-01-30,4162,1764.438894,0.0
2019-01-31,5134,2248.957940000001,0.0
2019-02-01,8046,3571.2775600000004,0.0
2019-02-02,4379,1929.2391490000007,0.0
2019-02-03,1750,739.18293,0.0
2019-02-04,5370,2226.9378170000005,0.0
2019-02-05,2013,861.20814,0.0
2019-02-06,4733,2055.2352999999994,0.0
2019-02-07,4504,1906.7327300000004,0.0
2019-02-08,4476,2095.27503,0.0
2019-02-09,3596,1480.839,0.0
2019-02-10,1593,649.7734940000001,0.0
2019-02-11,5551,2400.85448,0.0
2019-02-12,2641,1157.1608199999998,0.0
2019-02-13,5704,2472.6974099999998,0.0
2019-02-14,2595,1069.361168,0.0
2019-02-15,3207,1316.8345400000003,0.0
2019-02-16,2556,1092.6002899999999,0.0
2019-02-17,3315,1364.9589500000004,0.0
2019-02-18,12687,5482.227349999999,0.0
2019-02-19,11738,5526.9320529999995,0.0
2019-02-20,4178,1819.52923,0.0
2019-02-21,7125,3336.19586,0.0
2019-02-22,6422,2938.004855,0.0
2019-02-23,3360,1489.4776140000004,0.0
2019-02-24,3891,1685.85536,0.0
2019-02-25,7516,3419.904386,0.0
2019-02-26,6888,3000.2345100000002,0.0
2019-02-27,4896,2050.7795199999996,0.0
2019-02-28,7230,3005.91431,0.0
2019-03-01,8700,3632.5340700000015,0.0
2019-03-02,4570,1801.1131500000001,0.0
2019-03-03,3707,1631.2867199999998,0.0
2019-03-04,1787,753.65472,0.0
2019-03-05,5690,2353.971541,0.0
2019-03-06,6424,2801.104070000001,0.0
2019-03-07,7951,3416.3172700000005,0.0
2019-03-08,5691,2470.3731900000002,0.0
2019-03-09,3779,1594.00376,0.0
2019-03-10,3887,1639.0768299999995,0.0
2019-03-11,3728,1586.7885899999999,0.0
2019-03-12,4801,2151.9506,0.0
2019-03-13,4534,1889.9821399999994,0.0
2019-03-14,6922,3049.4408599999997,0.0
2019-03-15,7374,3204.00025,0.0
2019-03-16,3306,1461.7409700000003,0.0
2019-03-17,1941,846.19006,0.0
2019-03-18,4973,2119.36116,0.0
2019-03-19,4894,2191.00979,0.0
2019-03-20,6328,2737.9307099999996,0.0
2019-03-21,4202,1966.7082399999997,0.0
2019-03-22,8688,4256.46285,0.0
2019-03-23,2675,1179.0893400000002,0.0
2019-03-24,4134,1984.7652699999994,0.0
2019-03-25,6234,2805.5968779999994,0.0
2019-03-26,4181,1914.1584600000003,0.0
2019-03-27,6145,2614.6446599999995,0.0
2019-03-28,5077,2190.49431,0.0
2019-03-29,3387,1519.2589199999998,0.0
2019-03-30,6812,2835.9268099999995,0.0
2019-03-31,2572,1123.706647,0.0
2019-04-01,4984,2237.07865,0.0
2019-04-02,5526,2469.4901000000004,0.0
2019-04-03,6267,2769.75633,0.0
2019-04-04,6462,2584.115527000001,0.0
2019-04-05,16255,6648.76286,0.0
2019-04-06,9114,3799.090778,0.0
2019-04-07,6422,2862.4210799999996,0.0
2019-04-08,3728,1600.1186149999999,0.0
2019-04-09,6189,2573.6701399999993,0.0
2019-04-10,7226,3167.2781699999996,0.0
2019-04-11,5739,2459.188999999999,0.0
2019-04-12,6269,2787.551691,0.0
2019-04-13,3686,1543.0003100000001,0.0
2019-04-14,2549,1059.3379700000003,0.0
2019-04-15,1685,727.1529800000001,0.0
2019-04-16,402,183.03107,0.0
2019-04-17,6015,2500.95306,0.0
2019-04-18,2884,1188.0365100000001,0.0
2019-04-19,6565,2917.0331999999985,0.0
2019-04-20,8426,3811.254629999999,3156.7599999999998
2019-04-21,8975,3956.3800869999995,3712.16
2019-04-22,11651,5487.815565999997,5390.639999999999
2019-04-23,25319,11283.032408999998,6630.96
2019-04-24,11387,5560.653703999997,4584.28
2019-04-25,16062,7725.019303000005,5837.01
2019-04-26,17837,8239.599766999998,7106.849999999999
2019-04-27,13603,6310.615651000002,4702.320000000001
2019-04-28,17359,8171.974825000003,4860.59
2019-04-29,13566,5240.278000000001,4489.4400000000005
2019-04-30,9718,4607.030670000003,3557.6400000000003
2019-05-01,15379,7147.0402790000035,5693.06
2019-05-02,10798,5120.909624000003,4680.99
2019-05-03,12410,5953.924665,5276.4
2019-05-04,9116,4073.0879039999986,2595.9300000000003
2019-05-05,8930,3758.232981999999,645.8199999999999
2019-05-06,13252,6179.671350000004,5212.4800000000005
2019-05-07,10302,4899.734770000001,3771.33
2019-05-08,8557,3993.329548999999,3530.77
2019-05-09,14044,6819.951340000004,6093.17
2019-05-10,7915,3762.7783889999996,3799.66
2019-05-11,10769,4720.132537999999,3208.54
2019-05-12,7186,3381.2918999999993,2895.9300000000003
2019-05-13,14376,7010.638249999998,5485.68
2019-05-14,5723,2819.776292,4100.52
2019-05-15,966,344.8663766,205.42000000000002
2019-05-16,6618,2914.697789,376.56
2019-05-17,14290,6417.350480000002,3034.54
2019-05-18,18906,8845.058620000002,3924.1899999999996
2019-05-19,8875,4313.461509999999,3454.93
2019-05-20,20451,9528.700209000004,7421.799999999999
2019-05-21,12354,5974.450970999999,5152.59
2019-05-22,12780,6029.681761000004,5253.58
2019-05-23,7367,3433.763577999999,1777.1299999999999
2019-05-24,10257,4899.168747000001,3978.9100000000003
2019-05-25,4477,2082.6239870000004,3546.74
2019-05-26,8219,3829.3513870000015,4420.59
2019-05-27,4842,2230.804612000001,2411.23
2019-05-28,16994,8201.572259700002,6955.56
2019-05-29,9471,4370.292977000002,3145.65
2019-05-30,13403,4721.95705,6656.2699999999995
2019-05-31,11132,4938.656120000003,3897.39
2019-06-01,4839,2044.2028429999998,1217.03
2019-06-02,2809,1222.4009529999998,1002.6600000000001
2019-06-03,10124,4535.947673,4143.5
2019-06-04,10494,4787.261796999999,4201.87
2019-06-05,13038,5853.193327000002,4750.37
2019-06-06,14238,6306.067974999999,4681.57
2019-06-07,10886,4890.367654,4051.3999999999996
2019-06-08,6684,2884.8308049999987,3192.7300000000005
2019-06-09,781,341.44293999999996,19.74
2019-06-10,9985,4680.182624,2595.1299999999997
2019-06-11,11866,5311.212964000001,4233.65
2019-06-12,16456,7127.080347999999,5049.27
2019-06-13,12798,5667.506045999995,4214.45
2019-06-14,12654,5788.341959999997,4318.08
2019-06-15,10288,4523.130069000001,4199.8
2019-06-16,1816,770.6609430000001,147.47
2019-06-17,3320,1375.0791600000007,55.49
2019-06-18,4251,1870.8214200000004,88.85
2019-06-19,2740,1186.1830499999999,24.060000000000002
2019-06-20,4962,2038.20517,30.5914
2019-06-21,12980,5888.084433000001,5346.900000000001
2019-06-22,7727,3402.3752399999985,3145.57
2019-06-23,2472,966.850466,76.5
2019-06-24,22397,6679.148664,6912.110000000001
2019-06-25,3964,1696.9527979999998,1765.4099999999999
2019-06-26,10165,4416.7005309999995,3932.7300000000005
2019-06-27,10997,4989.119053000001,3250.4399999999996
2019-06-28,1136,458.9149,79.42
2019-06-29,5293,2270.6361560000005,1921.07
2019-06-30,12896,5711.27067,4523.04
2019-07-01,5339,2266.4085700000005,2118.3199999999997
2019-07-02,2854,1190.6499999999999,0.0
2019-07-03,728,322.1199,78.83
2019-07-04,8868,3868.491919,1783.04
2019-07-05,638,277.659802,14.57
2019-07-06,5485,2477.5895100000002,2232.6
2019-07-07,2912,1313.8334300000001,1074.82
2019-07-08,2479,1063.9998599999997,36.69
2019-07-09,15758,6842.163656,3342.52
2019-07-10,37542,16361.227455000004,6230.47
2019-07-11,32867,14109.676728999995,6494.650000000001
2019-07-12,28009,12190.3372,5948.4400000000005
2019-07-13,14738,6753.27795,692.9399999999999
2019-07-14,6861,3045.696359,2946.59
2019-07-15,577,217.09001999999998,0.0
2019-07-16,3562,1439.77997,0.0
2019-07-17,1830,775.36248,0.0
2019-07-18,1868,823.7908700000002,0.0
2019-07-19,3738,1623.5795799999999,0.0
2019-07-20,3251,1398.8272600000003,0.0
2019-07-21,2312,1000.0208999999998,0.0
2019-07-22,3820,1691.8067920000003,2343.91
2019-07-23,746,327.58615,0.17
2019-07-24,2045,862.0449199999999,0.0
2019-07-25,12256,5066.809782000001,0.0
2019-07-26,4204,1798.1402850000002,0.0
2019-07-27,7552,3122.2563600000003,0.0
2019-07-28,1413,628.1553300000002,0.0
2019-07-29,6645,3946.2589900000003,2391.56
2019-07-30,920,411.86692999999997,23.68
2019-07-31,13231,5693.705161,3026.01
2019-08-01,3032,1262.9537299999997,90.27
2019-08-02,6497,2900.136569999999,4010.12
2019-08-03,14503,7747.371461999997,5090.54
2019-08-04,2495,1121.3280970000003,335.06
2019-08-05,9989,5048.941580000001,3728.53
2019-08-06,1079,490.67117000000013,0.0
2019-08-07,851,392.23059399999994,0.0
2019-08-08,6367,2803.9269400000003,0.0
2019-08-09,2580,1246.1498000000001,0.0
2019-08-10,1192,545.34333,357.06000000000006
2019-08-11,3460,1583.9495970000003,2115.61
2019-08-12,7761,3522.2267550000006,3158.93
2019-08-13,2322,1050.40452,49.660000000000004
2019-08-14,8824,4428.961643999999,4877.96
2019-08-15,5797,2631.829219999999,6.48
2019-08-16,5275,2355.0711300000003,1714.5500000000002
2019-08-17,946,1022.07944,0.0
2019-08-18,1316,623.90089,0.0
2019-08-19,1347,641.25199,0.0
2019-08-20,2021,919.1486499999999,0.0
2019-08-21,2595,1178.9006600000002,0.0
2019-08-22,1181,556.383262,0.0
2019-08-23,2226,1054.91689,0.0
2019-08-24,1978,912.6712800000003,0.0
2019-08-25,4698,2112.484227,0.0
2019-08-26,978,429.58090200000004,0.0
2019-08-27,1010,494.13271999999995,0.0
2019-08-28,2236,1038.82933,0.0
2019-08-29,4742,2203.13829,0.0
2019-08-30,1698,795.4669,267.8
2019-08-31,6697,3101.3876269999996,3227.43
2019-09-01,5353,2373.5055429999993,711.83
2019-09-02,1431,2217.3183799999997,223.49
2019-09-03,2147,1020.9773199999998,0.0
2019-09-04,3918,1890.8786639999998,1.53629
2019-09-05,9494,4238.779678,3249.12
2019-09-06,8316,3830.14155,3185.36
2019-09-07,28111,12439.246728000007,6760.07
2019-09-08,514,242.93191000000002,31.09
2019-09-09,10242,4708.870926999999,4142.95
2019-09-10,7872,3583.020669,2666.85
2019-09-11,4063,1966.66911,29.0837
2019-09-12,9171,4025.0812799999994,7.19627
2019-09-13,3564,1711.8318350000002,60.56
2019-09-14,13664,7108.7849099999985,6069.64
2019-09-15,5563,2367.5465000000004,0.0
2019-09-16,5025,2248.33137,0.0
2019-09-17,3291,1502.2534,0.0
2019-09-18,4062,1901.26564,0.329349
2019-09-19,7505,3440.7283600000005,1721.97
2019-09-20,11029,5099.1620029999995,4803.61
2019-09-21,13623,6007.220299999998,25.139999999999997
2019-09-22,2358,1015.4399430000001,158.4
2019-09-23,4220,2048.2165900000005,0.75
2019-09-24,7856,3680.790010000001,2967.0699999999997
2019-09-25,15000,10130.59701,5558.8
2019-09-26,4620,2043.4591999999998,0.0
2019-09-27,2919,1364.66161,0.0
2019-09-28,12856,5413.054130000002,0.0
2019-09-29,1361,624.27741,0.0
2019-09-30,8265,3648.159228,3026.85
2019-10-01,7236,3316.802295000001,2964.66
2019-10-02,9765,4517.996119999998,3814.89
2019-10-03,18985,9055.046511000004,7554.22
2019-10-04,3225,1473.8483740000006,53.33
2019-10-05,15254,6587.324179999999,2008.21
2019-10-06,8149,3438.4667700000005,21.95
2019-10-07,12931,5923.979677999999,5298.339999999999
2019-10-08,12236,5635.450610000002,4773.9400000000005
2019-10-09,6217,2796.82953,2206.85
2019-10-10,11780,5458.446086,3550.4700000000003
2019-10-11,12159,5791.602749999995,4590.2300000000005
2019-10-12,11945,5119.32257,36.9
2019-10-13,9042,3893.2462400000004,50.05
2019-10-14,11065,4977.4150660000005,2834.8
2019-10-15,7621,3466.236749999999,0.0
2019-10-16,5334,2499.7230699999996,0.823107
2019-10-17,17094,7998.607770000001,6603.92
2019-10-18,12065,5646.1341820000025,5028.17
2019-10-19,14332,6034.646639999999,16.67
2019-10-20,7442,3183.399448000001,0.0
2019-10-21,4764,2291.79275,0.0
2019-10-22,6052,2869.7590900000005,0.0
2019-10-23,3126,1509.71622,0.881647
2019-10-24,21480,9901.167248,7298.04
2019-10-25,10592,4957.141276000001,4043.67
2019-10-26,20750,9376.245737000003,5674.66
2019-10-27,7639,3296.53317,140.83
2019-10-28,13222,6524.522058999998,5747.42
2019-10-29,12699,5988.405490000001,4126.67
2019-10-30,15273,7349.969510000001,5188.099999999999
2019-10-31,16504,7706.4248450000005,6349.629999999999
2019-11-01,8221,3803.280627,3000.92
2019-11-02,20328,8965.149679999999,3722.11
2019-11-03,13666,6091.22083,3519.33
2019-11-04,12972,5953.023197000001,6130.52
2019-11-05,15764,7445.065689999997,4008.82
2019-11-06,12217,9746.427538,4946.25
2019-11-07,23719,10660.270616000007,7484.11
2019-11-08,20510,9836.940098,6355.320000000001
2019-11-09,5585,2499.149755000001,184.12
2019-11-10,15435,6812.141670000001,2909.8399999999997
2019-11-11,13383,6314.841415000002,5487.3
2019-11-12,12129,7538.110320000002,3357.9300000000003
2019-11-13,20996,9729.761329999996,7420.320000000001
2019-11-14,16028,7337.538081000001,6469.539999999999
2019-11-15,6428,2972.9738459999985,2811.0899999999997
2019-11-16,12326,5468.712326000002,1992.21
2019-11-17,11067,5208.151215000002,4878.58
2019-11-18,11357,5189.640502999998,4817.25
2019-11-19,6569,3036.12003,2590.76
2019-11-20,8124,3755.4015419999987,3413.86
2019-11-21,15823,7277.68646,6904.83
2019-11-22,8726,4209.150767,3717.12
2019-11-23,8742,3716.736389999999,102.16
2019-11-24,11840,5301.162599999999,2984.5499999999997
2019-11-25,17594,8320.675550000004,6416.69
2019-11-26,8715,4106.927065,3362.79
2019-11-27,9408,4260.2685999999985,3623.37
2019-11-28,9912,4685.531451,4751.530000000001
2019-11-29,23939,11029.878501000003,5888.630000000001
2019-11-30,13475,5712.642884,3.37
2019-12-01,8647,3912.5322000000006,3240.17
2019-12-02,9044,4243.697659999999,3166.35
2019-12-03,7763,3632.999820000001,2538.74
2019-12-04,16482,7582.310256000001,6545.700000000001
2019-12-05,13205,6170.838935999997,6117.88
2019-12-06,11710,5360.711450000001,3740.02
2019-12-07,7912,3455.7001500000006,22.75
2019-12-08,7915,3620.6267499999994,3337.01
2019-12-09,12018,5625.208163000003,5616.130000000001
2019-12-10,4427,2206.6129200000005,21.31
2019-12-11,8097,3673.625989999999,2343.8
2019-12-12,19440,9101.79407,7772.34
2019-12-13,17741,8642.341061000001,7986.38
2019-12-14,8370,3759.4240499999996,1711.0900000000001
2019-12-15,11195,8308.68844,4638.18
2019-12-16,11002,5359.722376,5203.51
2019-12-17,15454,7261.556780999998,6373.13
2019-12-18,4996,2360.91419,61.900000000000006
2019-12-19,17254,8806.12681,7436.69
2019-12-20,9986,4667.407626,3481.87
2019-12-21,7602,3559.124621000002,3917.61
2019-12-22,5972,2682.1487599999996,2363.48
2019-12-23,15472,6934.8752700000005,3963.37
2019-12-24,3387,1590.6059930000004,1786.71
2019-12-25,2450,1119.7682499999999,0.0
2019-12-26,516,244.81938000000002,0.0
2019-12-27,1135,524.4801500000001,0.0
2019-12-28,1068,479.12595,0.0
2019-12-29,6741,3031.4380910000014,2345.32
2019-12-30,3620,1672.0258,1028.29
2019-12-31,7146,3256.958720000001,3596.7700000000004
2020-01-01,3893,1767.139423,2433.71
2020-01-02,16229,7508.15193,6584.43
2020-01-03,10471,4920.4939,4167.46
2020-01-04,8435,3842.70317,2270.07
2020-01-05,8012,3636.0447199999994,2527.21
2020-01-06,12320,5789.766092999997,5955.73
2020-01-07,11589,5295.5541159999975,5119.52
2020-01-08,9577,4411.43746,4006.73
2020-01-09,17106,7896.67992,6685.33
2020-01-10,7882,3599.8948409999966,4392.35
2020-01-11,5362,2503.0395110000004,2316.95
2020-01-12,5669,2612.9639200000006,2397.18
2020-01-13,5138,2289.5171000000005,22.1
2020-01-14,7445,3415.116133000001,3184.8700000000003
2020-01-15,4134,1944.8803900000003,0.0
2020-01-16,3735,1779.1533100000001,0.0
2020-01-17,5484,2608.8287900000005,0.0
2020-01-18,2361,1094.23329,871.72
2020-01-19,1883,805.77789,38.15
2020-01-20,2389,1045.8903139999998,77.85
2020-01-21,17078,7725.199122,5962.86
2020-01-22,10749,4907.256230000001,3159.62
2020-01-23,13017,6007.791601999999,5168.82
2020-01-24,3254,1530.28417,0.0
2020-01-25,2194,981.5275250000001,700.68
2020-01-26,9829,4459.777096999999,4246.86
2020-01-27,17483,7220.581113999997,3886.46
2020-01-28,3946,1780.22461,63.09
2020-01-29,13520,6195.249714999998,5040.32
2020-01-30,6882,3157.9706949999986,1850.76
2020-01-31,6932,3139.172969999999,3251.44
2020-02-01,11139,5042.549836,3488.9800000000005
2020-02-02,1437,634.55477,17.76
2020-02-03,16631,7610.491805999999,6090.370000000001
2020-02-04,6956,3165.356909999999,2377.86
2020-02-05,3719,1689.6083899999996,31.200000000000003
2020-02-06,15519,7208.620990000003,5771.17
2020-02-07,17364,8043.314581,6623.71
2020-02-08,17265,7781.536170999999,5378.9
2020-02-09,13489,6123.802539999996,5408.17
2020-02-10,13521,6223.834281000001,4913.38
2020-02-11,9812,4496.18234,3420.17
2020-02-12,18222,8253.420390000001,5868.869999999999
2020-02-13,13630,6276.527866000001,5078.0
2020-02-14,7422,3397.611641000001,3200.46
2020-02-15,15943,7158.72681,4665.5599999999995
2020-02-16,8958,4102.05085,3765.67
2020-02-17,23636,10656.452966000006,7465.0
2020-02-18,2865,1246.2340400000003,164.62599999999998
2020-02-19,19371,8809.039386,6641.47
2020-02-20,15515,7120.632100000002,6102.469999999999
2020-02-21,19124,8734.435936000003,7431.08
2020-02-22,12763,5794.256740000001,3896.49
2020-02-23,4563,3143.9238199999995,2242.71
2020-02-24,9627,4447.863504999999,4470.78
2020-02-25,16653,7598.874826999999,5707.8099999999995
2020-02-26,14857,6666.0939960099995,5853.099999999999
2020-02-27,16633,7739.889152000001,6041.01
2020-02-28,20042,9372.298361999996,7732.150000000001
2020-02-29,15713,7167.219459999998,6683.99
2020-03-01,8419,3798.5611199999994,3267.62
2020-03-02,16229,7850.165436000001,5828.08
2020-03-03,5545,2418.36059,13.69
2020-03-04,17207,7954.978902000001,6319.17
2020-03-05,14183,6649.094205000001,5595.0199999999995
2020-03-06,17966,8310.760407,7238.630000000001
2020-03-07,36010,16318.098321999996,9303.66
2020-03-08,9402,4376.8174199999985,3728.54
2020-03-09,15623,7201.482005999997,5847.5599999999995
2020-03-10,8228,3791.9305910000007,3032.41
2020-03-11,12299,5689.567170999999,4767.5599999999995
2020-03-12,21709,9949.976562,6813.7699999999995
2020-03-13,2607,1242.21318,91.67
2020-03-14,6589,2916.610460000001,1234.54
2020-03-15,3467,1618.6175210000001,1564.77
2020-03-16,1479,657.2971399999999,0.0
2020-03-17,1844,804.7742300000001,0.0
2020-03-18,3466,1552.6752500000002,0.0
2020-03-19,206,90.53831000000001,0.0
2020-03-20,2419,1085.4901499999996,0.0
2020-03-21,5370,2358.863449999999,0.0
2020-03-22,3006,1306.330352,0.0
2020-03-23,434,196.94476,0.0
2020-03-24,547,270.83431699999994,0.0
2020-03-25,689,317.93095000000005,0.0
2020-03-26,214,96.38136,0.0
2020-03-27,720,324.50934,0.0
2020-03-28,825,387.54289,0.0
2020-03-29,534,242.03531999999998,0.0
2020-03-30,139,57.457679999999996,0.0
2020-03-31,493,232.63239999999996,0.0
2020-04-01,324,149.28868000000003,0.0
2020-04-02,7211,3931.3838600000004,0.0
2020-04-03,2162,931.18888,0.0
2020-04-04,13598,7429.1597600000005,0.0
2020-04-05,383,167.08927,0.0
2020-04-06,5692,2690.75584,0.0
2020-04-07,4111,1910.6216999999997,0.0
2020-04-08,2855,1199.422078,0.0
2020-04-09,400,194.356,0.0
2020-04-10,882,419.9976,0.0
2020-04-11,1675,749.036454,0.0
2020-04-12,877,391.7067600000001,0.0
2020-04-13,1192,548.81855,0.0
2020-04-14,1765,767.18747,0.0
2020-04-15,25,11.6025,0.0
2020-04-16,4462,2030.1075799999999,0.0
2020-04-17,454,214.54646999999997,0.0
2020-04-19,714,334.20444000000003,0.0
2020-04-20,916,405.21325,0.0
2020-04-21,431,185.729802,0.0
2020-04-22,1039,499.29904000000005,0.0
2020-04-23,357,168.46941999999996,0.0
2020-04-24,534,251.04738,0.0
2020-04-25,5089,2177.3683499999993,0.0
2020-04-26,354,166.34615,0.0
2020-04-27,1201,583.7654409999999,0.0
2020-04-28,302,138.98051999999996,0.0
2020-04-29,56,26.02199,0.0
2020-04-30,165,73.18852000000001,0.0
2020-05-01,2772,1213.5827399999998,0.0
2020-05-02,5488,2315.047483,0.0
2020-05-03,1889,824.00308,0.0
2020-05-04,477,231.11876999999996,0.0
2020-05-05,227,102.778,0.0
2020-05-06,196,1166.5979399999999,0.0
2020-05-07,17,7.812791000000001,0.0
2020-05-08,862,406.22826999999995,0.0
2020-05-09,710,337.03747999999996,0.0
2020-05-10,205,97.47749999999999,0.0
2020-05-11,5669,2307.0488,0.0
2020-05-12,431,214.97815000000003,0.0
2020-05-13,272,126.69862,0.0
2020-05-14,9659,4246.08859,0.0
2020-05-15,758,358.0133,0.0
2020-05-16,384,188.06516899999997,0.0
2020-05-17,124,58.362535,0.0
2020-05-18,281,129.29423,0.0
2020-05-19,6216,2591.4539459999996,0.0
2020-05-20,585,283.40207999999996,0.0
2020-05-21,756,353.65889899999996,0.0
2020-05-22,560,266.41878999999994,0.0
2020-05-23,1229,584.6568199999999,0.0
2020-05-24,308,142.405791,0.0
2020-05-25,462,213.40142299999997,0.0
2020-05-26,8042,3999.736409999999,0.0
2020-05-27,5643,2546.5093,0.0
2020-05-28,671,319.507619,0.0
2020-05-29,257,129.59204,0.0
2020-05-30,2827,1291.3488399999999,0.0
2020-05-31,3149,1461.1238660000004,0.0
2020-06-01,211,100.01634,0.0
2020-06-02,642,305.37486000000007,0.0
2020-06-03,338,153.6056,0.0
2020-06-04,634,304.94021999999995,0.0
2020-06-05,1260,604.5714299999999,0.0
2020-06-06,14882,6659.8224599999985,0.0
2020-06-07,2157,950.4886300000002,0.0
2020-06-08,2583,1205.9434050000002,0.0
2020-06-09,292,129.38859,0.0
2020-06-10,438,210.15335000000002,0.0
2020-06-11,5057,2101.118152,0.0
2020-06-12,3208,1486.7767199999998,0.0
2020-06-13,9246,4149.82826,0.0
2020-06-14,799,369.91734399999996,0.0
2020-06-15,2371,995.392528,0.0
2020-06-16,2359,1110.55834,0.0
2020-06-17,2109,963.67851,0.0
2020-06-18,3976,1734.6336000000001,0.0
2020-06-19,3882,1717.88357,0.0
2020-06-20,2678,1211.2540360000005,0.0
2020-06-21,5404,2483.8870889999994,2706.0199999999995
2020-06-22,1522,703.7074599999999,78.51
2020-06-23,7183,3731.706769999998,3304.13
2020-06-24,8647,3887.855538999999,2069.77
2020-06-25,12028,5410.005427,3898.9800000000005
2020-06-26,10444,4722.9758619999975,2839.16
2020-06-27,2990,1437.9566900000002,560.1700000000001
2020-06-28,3311,1416.313363,0.0
2020-06-29,11781,5051.578089999999,0.0
2020-06-30,21323,10513.788371000017,6175.59
2020-07-01,12847,5602.94788,3907.39
2020-07-02,14857,7243.301080999999,4503.7
2020-07-03,14412,5129.518088999999,4057.54
2020-07-04,6907,3120.0658319999984,3074.3
2020-07-05,1773,737.19344,75.45
2020-07-06,10532,4304.074637,0.0
2020-07-07,7609,3288.77249,0.0
2020-07-08,8521,3632.8744300000003,0.0
2020-07-09,18003,7412.512659999999,0.0
2020-07-10,8218,3270.4255299999995,0.0
2020-07-11,1541,620.60075,0.0
2020-07-12,1086,491.19017999999994,0.0
2020-07-13,2663,1186.94282,0.0
2020-07-14,7944,3390.9588500000013,0.0
2020-07-15,16771,8392.270021999997,3358.6900000000005
2020-07-16,5501,2367.313599999999,0.0
2020-07-17,8655,3473.89949,0.0
2020-07-18,4690,1787.5794300000005,0.0
2020-07-19,2439,1109.1520919999998,0.0
2020-07-20,1321,548.28918,0.0
2020-07-21,6573,2935.410900999999,0.0
2020-07-22,7355,3323.542440000001,1947.4199999999998
2020-07-23,2958,1242.7336190000003,0.0
2020-07-24,3908,1606.37156,0.0
2020-07-25,7231,3126.0482699999993,0.0
2020-07-26,1192,482.339003,0.0
2020-07-27,7903,3298.8096199999995,0.0
2020-07-28,7467,3118.4078199999994,0.0
2020-07-29,7537,3211.273020999999,0.0
2020-07-30,2663,1127.6087510000002,0.0
2020-07-31,7124,3158.3773699999992,0.0
2020-08-01,1968,851.41236,0.0
2020-08-02,2037,845.236363,0.0
2020-08-03,2460,1058.8535,0.0
2020-08-04,3191,1408.2050299999999,0.0
2020-08-05,6209,2582.2136099999993,0.0
2020-08-06,3407,1483.96374,0.0
2020-08-07,6772,3178.0930500000004,0.0
2020-08-08,7652,3457.1057300000007,0.0
2020-08-09,3763,1674.9314899999997,0.0
2020-08-10,8348,3668.3104829999997,0.0
2020-08-11,4776,1977.98522,0.0
2020-08-12,7145,2961.56879,0.0
2020-08-13,3588,1561.8552300000003,0.0
2020-08-14,1148,487.13831,0.0
2020-08-16,100,43.077355,0.0
2020-08-17,5166,2102.4734600000006,0.0
2020-08-18,1733,751.4807500000001,0.0
2020-08-19,12489,5444.227,0.0
2020-08-20,8756,3741.5991400000003,0.0
2020-08-21,18773,7539.509259999999,0.0
2020-08-22,3337,1521.21479,0.0
2020-08-23,2285,1012.716705,0.0
2020-08-24,9478,3758.84992,0.0
2020-08-25,156,67.60040000000001,0.0
2020-08-26,2420,1011.9605000000003,0.0
2020-08-27,2422,1767.1368129999996,0.0
2020-08-28,3157,1793.7413099999999,0.0
2020-08-29,1227,538.2612020000001,0.0
2020-08-30,5855,3596.219690000001,0.0
2020-08-31,4680,2912.6564699999994,0.0
2020-09-01,3560,1475.6396399999999,14.2
2020-09-02,4889,2684.218676,3043.86
2020-09-03,5897,3185.4248039999998,4691.67
2020-09-04,9783,4009.9252319999973,2805.75
2020-09-05,11439,4993.3262719999975,3399.7000000000003
2020-09-06,6991,3534.4231610000006,533.8000000000001
2020-09-07,2987,1374.8664409999997,1668.8999999999999
2020-09-08,4488,1931.9009999999998,0.0
2020-09-09,7276,2971.4637500000003,90.21000000000001
2020-09-10,21544,8889.70912,5417.039999999999
2020-09-11,21181,9462.224996000004,5764.62
2020-09-12,33239,14812.025352000004,6358.03
2020-09-13,16808,7337.289027,4430.13
2020-09-14,9098,4120.614530000002,2290.22
2020-09-15,19525,8159.274290300003,6326.3099999999995
2020-09-16,4255,1816.7337300000002,8.48
2020-09-17,30792,13622.785765999997,7996.620000000001
2020-09-18,24010,9514.954575000003,6886.67
2020-09-19,31277,13743.571140000004,3835.7400000000002
2020-09-20,23168,10296.317854999996,5976.369999999999
2020-09-21,8572,3693.8295910000006,1613.25
2020-09-22,12736,5738.8929899999985,1896.12
2020-09-23,8586,3832.119255000001,2246.14
2020-09-24,5002,2080.84592,99.78
2020-09-25,22576,10034.170674000005,5601.41
2020-09-26,32616,14561.130550000005,7386.91
2020-09-27,13990,5492.60355,2119.33
2020-09-28,11522,6629.381024,3800.02
2020-09-29,11513,5138.264026,3070.17
2020-09-30,12675,7972.235129999996,3390.3199999999997
2020-10-01,15928,6985.819173000004,4209.99
2020-10-02,13372,12677.378610000002,125.13
2020-10-03,26846,11294.31075500001,5853.110000000001
2020-10-04,5746,2493.8828399999993,167.3
2020-10-05,9131,4023.6978910000007,3089.35
2020-10-06,9946,4490.4059499999985,3098.2799999999997
2020-10-07,6417,2816.162016,1676.5100000000002
2020-10-08,21611,8788.807202999997,6286.26
2020-10-09,29340,12393.992503,7886.11
2020-10-10,18702,7579.365849999996,6017.960000000001
2020-10-11,8319,3632.1558900000005,107.42000000000002
2020-10-12,20544,9056.366225,6130.51
2020-10-13,7725,3388.044618000001,2246.81
2020-10-14,4393,2014.1535399999996,79.74000000000001
2020-10-15,14407,6363.494784000001,3718.93
2020-10-16,6473,2823.2050299999996,698.17
2020-10-17,20637,8604.88222,6220.57
2020-10-18,21887,9042.985288000003,5284.66
2020-10-19,6298,2840.3487400000004,2022.64
2020-10-20,6370,2796.509695999999,1412.0
2020-10-21,12638,5584.7300909999985,2913.67
2020-10-22,8332,3546.7882619999996,0.0
2020-10-23,11171,5047.0775650000005,3223.7799999999997
2020-10-24,25981,11432.275515999996,6754.91
2020-10-25,9626,4319.829666000001,2592.0499999999997
2020-10-26,12271,5442.4669109999995,3603.18
2020-10-27,14089,6555.614902000004,5129.349999999999
2020-10-28,5731,2443.129966,1073.88
2020-10-29,7798,3413.494403,3436.15
2020-10-30,7245,3335.9827220000006,0.0
2020-10-31,12857,5385.1056309999985,0.0
2020-11-01,12499,5510.2724,1923.65
2020-11-02,4291,1916.08118,0.0
2020-11-03,3887,1772.56237,0.0
2020-11-04,2955,1383.4574200000002,0.0
2020-11-05,6341,2701.5396100000003,0.0
2020-11-06,7290,3266.1008899999997,0.0
2020-11-07,9125,4012.5013500000005,0.0
2020-11-08,9385,4135.128137999999,2168.7200000000003
2020-11-09,7525,3421.1194899999996,2498.5
2020-11-10,4944,2165.930628,3144.64
2020-11-11,3866,1606.26168,1753.95
2020-11-12,3734,1655.5467899999999,0.0
2020-11-13,6111,2774.1926000000003,0.0
2020-11-14,12011,5530.922976999998,0.0
2020-11-15,3987,1901.5991239999998,0.0
2020-11-16,10582,5069.417812,0.0
2020-11-17,1841,802.3861600000001,0.0
2020-11-18,443,209.33189000000002,0.0
2020-11-19,507,240.33625,0.0
2020-11-20,6451,2874.5992710000005,0.0
2020-11-21,5924,2461.1779599999995,0.0
2020-11-22,5694,2412.3306979999993,0.0
2020-11-23,1558,697.7911,0.0
2020-11-24,8222,3610.189091999999,2386.57
2020-11-25,2204,974.1207230000001,72.17
2020-11-26,4492,1985.1575010000001,1765.3700000000001
2020-11-27,6101,2722.5299699999996,0.0
2020-11-28,11659,5307.601344999998,0.0
2020-11-29,5442,2260.45421,0.0
2020-11-30,1835,785.82417,0.0
2020-12-01,664,301.29070499999995,0.0
2020-12-02,3312,1456.64226,0.0
2020-12-03,9917,8777.66716,0.0
2020-12-04,1622,716.0194,0.0
2020-12-05,2079,877.3084799999999,0.0
2020-12-06,2319,990.042135,0.0
2020-12-07,1451,666.5995200000001,0.0
2020-12-08,1578,690.2662,0.0
2020-12-09,429,192.39878599999997,0.0
2020-12-10,1191,1264.9943,0.0
2020-12-11,1959,838.4674699999998,0.0
2020-12-12,1405,623.86133,0.0
2020-12-13,6127,2454.5960769999992,0.0
2020-12-14,1901,881.2000500000001,758.194
2020-12-15,1437,1350.8403199999998,238.79000000000002
2020-12-16,1519,688.7301829999999,0.0
2020-12-17,3087,1207.6053000000002,0.0
2020-12-18,2852,2417.31641,35.99
2020-12-19,8268,3447.68024,625.1
2020-12-20,1495,659.811917,182.64
2020-12-21,3486,1600.456268,0.0
2020-12-22,2171,944.65383,0.0
2020-12-23,4083,1855.6674899999998,0.0
2020-12-24,2166,980.1245430000004,1933.58
2020-12-25,2948,1311.7897659999999,2114.4
2020-12-26,3886,1681.7020869999994,0.0
2020-12-27,5831,3088.04975,0.0
2020-12-28,2057,930.84235,0.0
2020-12-29,1709,789.66955,0.0
2020-12-30,3326,1467.21303,0.0
2020-12-31,2074,936.8555200000001,0.0
2021-01-01,4272,1828.1091299999996,0.0
2021-01-02,2602,1912.3571500000003,0.0
2021-01-03,2567,1121.7735100000002,0.0
2021-01-04,1975,892.72299,0.0
2021-01-05,637,283.21295,0.0
2021-01-06,1706,735.2668200000002,0.0
2021-01-07,2272,2855.01749,0.0
2021-01-08,1469,1586.15345,0.0
2021-01-09,3707,1684.4304800000007,0.0
2021-01-10,2690,1198.357827,0.0
2021-01-11,2501,1104.2178999999999,0.0
2021-01-12,2272,1044.4736199999998,0.0
2021-01-13,3982,1705.63008,0.6
2021-01-14,8054,3802.769221,4364.030000000001
2021-01-15,8776,4588.820766000003,3996.59
2021-01-16,9671,4438.308969999999,4180.72
2021-01-17,2080,1739.9383630000002,436.24
2021-01-18,9844,4500.827572,3740.0
2021-01-19,3651,1604.0771600000003,66.11
2021-01-20,11135,4627.413429999999,0.0
2021-01-21,4239,1835.4342400000003,0.0
2021-01-22,5982,2627.9778600000004,0.0
2021-01-23,6493,2723.55758,0.0
2021-01-24,59,23.43118,0.0
2021-01-25,971,425.94216,0.0
2021-01-26,3120,1361.98769,0.0
2021-01-27,1768,771.6779070000002,0.0
2021-01-28,2074,895.07428,0.0
2021-01-29,4978,2243.40709,0.0
2021-01-30,1634,694.2055340000002,0.0
2021-01-31,1422,592.26619,0.0
2021-02-01,15,6.85822,0.0
2021-02-02,2825,1289.4365000000003,0.0
2021-02-03,3114,1344.3959899999998,0.0
2021-02-04,1882,781.16288,0.0
2021-02-05,3882,1691.616875,1632.2800000000002
2021-02-06,4342,1921.2343599999997,808.74
2021-02-07,3258,1483.7803900000001,582.6700000000001
2021-02-08,6401,2903.5987700000014,799.1800000000001
2021-02-09,11310,5153.896340999999,3815.8999999999996
2021-02-10,2448,1124.816683,687.6800000000001
2021-02-11,3183,1448.4452400000005,0.0
2021-02-12,4998,2221.39391,0.0
2021-02-13,8499,3864.32035,0.0
2021-02-14,2196,975.4178049999998,659.22
2021-02-15,4920,2181.9346,902.38
2021-02-16,7414,3467.5749299999984,1778.29
2021-02-17,1558,720.0671200000002,0.0
2021-02-18,2286,994.55737,0.0
2021-02-19,9371,4212.299440000001,0.0
2021-02-20,4375,1938.3397199999995,0.0
2021-02-21,5380,2430.6363400000005,0.0
2021-02-22,3119,1363.1501700000001,0.0
2021-02-23,4041,1858.6911899999998,0.0
2021-02-24,2140,910.5684,0.0
2021-02-25,1031,424.01915299999996,0.0
2021-02-26,2196,926.5769399999999,0.0
2021-02-27,4786,2111.77633,1069.8999999999999
2021-02-28,3042,1361.7883629999994,870.2800000000001
2021-03-01,2314,985.3804399999999,43.7
2021-03-02,8796,4178.434504000002,3314.09
2021-03-03,5272,2265.526942,747.59
2021-03-04,1146,479.12539,0.0
2021-03-05,2362,976.02891,0.0
2021-03-06,1014,420.53367999999995,0.0
2021-03-07,1882,798.78075,0.0
2021-03-08,460,182.58439,0.0
2021-03-09,1519,687.5006000000001,0.0
2021-03-10,1667,701.3678600000001,0.0
2021-03-11,897,364.98312999999996,0.0
2021-03-12,6888,2980.4384600000003,0.0
2021-03-13,705,290.26196,0.0
2021-03-14,710,292.601176,0.0
2021-03-15,335,145.40731,0.0
2021-03-16,1130,531.8991599999999,0.0
2021-03-17,1104,522.57391,0.0
2021-03-18,573,244.74518099999997,0.0
2021-03-19,1748,723.288291,0.0
2021-03-20,17054,7354.931699999997,0.0
2021-03-21,1049,448.68487000000005,0.0
2021-03-22,6565,2831.7631199999996,0.0
2021-03-23,4634,2048.76834,0.0
2021-03-24,4600,1892.3050699999997,0.0
2021-03-25,3504,1555.4131400000003,0.0
2021-03-26,4623,2059.091000000001,0.0
2021-03-27,8395,3441.1941799999995,0.0
2021-03-28,4059,1663.719638,0.0
2021-03-29,1870,804.9035199999998,0.0
2021-03-30,3514,1510.7650199999998,0.0
2021-03-31,2662,1128.86848,0.0
2021-04-01,2575,1124.761547,0.0
2021-04-02,8138,3333.6342699999996,0.0
2021-04-03,3707,1565.6818,0.0
2021-04-04,1012,431.96434999999997,0.0
2021-04-05,2004,869.29803,0.0
2021-04-06,3305,1444.9513799999997,0.0
2021-04-07,375,171.04677999999998,0.0
2021-04-08,400,173.47757399999998,0.0
2021-04-09,641,279.84451999999993,0.0
2021-04-10,1759,782.44093,0.0
2021-04-11,657,285.168144,0.0
2021-04-12,1106,496.2495799999999,0.0
2021-04-13,1964,911.5415,0.0
2021-04-14,2894,1375.691787,0.0
2021-04-15,828,845.3680809999997,0.0
2021-04-16,6413,2605.7225799999997,0.0
2021-04-17,60,26.09216,0.0
2021-04-18,28639,10931.030900000007,0.0
2021-04-19,7330,3349.2771720000005,2520.92
2021-04-20,11107,5085.525736000001,3786.13
2021-04-21,4441,1982.3493500000002,453.37
2021-04-22,2632,1153.17125,0.0
2021-04-23,6432,2765.4999000000003,0.0
2021-04-24,4616,2030.90209,0.0
2021-04-25,4472,1920.5354279999997,0.0
2021-04-26,4031,1733.48296,0.0
2021-04-27,4021,1726.84794,0.0
2021-04-28,5178,2340.40793,0.0
2021-04-29,3053,1332.431762,0.0
2021-04-30,5664,2541.9718869999997,0.0
2021-05-01,8714,4139.54476,0.0
2021-05-02,3578,1518.6690700000001,0.0
2021-05-03,2580,1118.44837,0.0
2021-05-04,6218,2830.85537,0.0
2021-05-05,3082,1289.198684,0.0
2021-05-06,2482,1057.9494200000001,0.0
2021-05-07,6925,2821.3130099999994,0.0
2021-05-08,6500,2760.79959,0.0
2021-05-09,4748,1995.4111899999998,0.0
2021-05-10,10569,4328.12672,0.0
2021-05-11,8392,3649.2299300000004,0.0
2021-05-12,2460,1093.7098199999996,0.0
2021-05-13,4287,1973.1253359999998,0.0
2021-05-14,21464,9685.750160000001,0.0
2021-05-15,5683,2600.398196,0.0
2021-05-16,8170,3447.52895,0.0
2021-05-17,7607,3343.333369999999,0.0
2021-05-18,4327,1852.00882,0.0
2021-05-19,16365,7023.886659999999,0.0
2021-05-20,3213,1384.7991499999998,0.0
2021-05-21,8774,4121.69232,0.0
2021-05-22,2348,1046.762557,0.0
2021-05-23,3076,1238.02158,0.0
2021-05-24,3213,1479.43267,0.0
2021-05-25,8775,4171.90115,0.0
2021-05-26,2903,1259.9054669999998,0.0
2021-05-27,3426,1522.2484299999999,0.0
2021-05-28,1891,794.47142,0.0
2021-05-29,2260,966.2267700000001,0.0
2021-05-30,1934,800.6303290000001,0.0
2021-05-31,6686,2680.26232,0.0
2021-06-01,6951,2992.71718,0.0
2021-06-02,2753,1252.3942299999999,0.0
2021-06-03,1239,523.73097,0.0
2021-06-04,3031,1348.5200499999999,0.0
2021-06-05,7862,3868.3089799999993,0.0
2021-06-06,5142,2135.038826,0.0
2021-06-07,1207,530.7677,0.0
2021-06-08,1946,845.4451300000001,0.0
2021-06-09,2577,1142.68545,0.0
2021-06-10,2170,995.1771979999997,0.0
2021-06-11,2519,1154.2563,0.0
2021-06-12,2704,1163.1495200000002,0.0
2021-06-13,2137,964.67034,0.0
2021-06-14,684,306.768882,0.0
2021-06-15,2196,965.59749,0.0
2021-06-16,6357,3043.8211599999995,0.0
2021-06-17,1064,473.76706,0.0
2021-06-18,7714,3664.08511,0.0
2021-06-19,4907,2323.6371500000005,0.0
2021-06-20,776,348.84799,0.0
2021-06-21,2153,986.4221709999999,0.0
2021-06-22,796,355.0746,0.0
2021-06-23,6564,3144.31656,0.0
2021-06-24,1683,770.61,0.0
2021-06-25,2045,923.9902400000001,0.0
2021-06-26,3253,1380.0902119999996,0.0
2021-06-27,4655,1975.8851700000002,0.0
2021-06-28,2731,1303.94137,0.0
2021-06-29,2795,1264.8688799999998,0.0
2021-06-30,2259,957.5431000000001,0.0
2021-07-01,1301,551.1505000000001,0.0
2021-07-02,2845,1294.5406900000003,0.0
2021-07-03,2332,995.2366,0.0
2021-07-04,8132,3468.465811000001,0.0
2021-07-05,1183,537.9365210000001,0.0
2021-07-06,2798,1266.6902199999997,0.0
2021-07-07,2598,1166.32731,0.0
2021-07-08,5255,2221.3036300000003,0.0
2021-07-09,4037,1808.9223709999999,0.0
2021-07-10,3150,1393.82895,0.0
2021-07-11,5997,2492.2864099999997,0.0
2021-07-12,1103,498.6563100000001,0.0
2021-07-13,1308,601.90946,0.0
2021-07-14,8471,3600.8948309999996,0.0
2021-07-15,13454,6094.285610000001,0.0
2021-07-16,10852,4725.661571000001,0.0
2021-07-17,8112,3609.8077660000004,0.0
2021-07-18,5513,2320.463940999999,0.0
2021-07-19,3798,1599.2497699999997,0.0
2021-07-20,2118,970.5838099999999,0.0
2021-07-21,3769,1626.18994,0.0
2021-07-22,1420,589.9855999999999,0.0
2021-07-23,10404,4724.63533,0.0
2021-07-24,3242,1451.7153200000002,0.0
2021-07-25,628,272.43125000000003,0.0
2021-07-26,516,228.57407,0.0
2021-07-27,700,314.94211,0.0
2021-07-28,2414,1035.07795,0.0
2021-07-29,773,329.789761,0.0
2021-07-30,5725,2488.3911,0.0
2021-07-31,2235,957.5659200000001,0.0
2021-08-01,14865,6081.094819999999,0.0
2021-08-02,1928,851.3850500000001,0.0
2021-08-03,1094,486.36705000000006,0.0
2021-08-04,3751,1656.4792400000001,0.0
2021-08-05,1044,470.44647,0.0
2021-08-06,7333,3146.9154599999997,0.0
2021-08-07,3490,1533.2488599999997,0.0
2021-08-08,2856,1244.470614,0.0
2021-08-09,2716,1189.497382,0.0
2021-08-10,1047,457.28854,0.0
2021-08-11,1690,715.83623,0.0
2021-08-12,4060,1764.7522,0.0
2021-08-13,8906,3852.627554,0.0
2021-08-14,3409,1504.2732500000002,0.0
2021-08-15,5508,2465.9291800000005,0.0
2021-08-16,1583,677.212755,0.0
2021-08-17,3240,1410.773292,0.0
2021-08-18,3196,1411.6416200000003,0.0
2021-08-19,2427,1091.067,0.0
2021-08-20,2462,1124.56205,0.0
2021-08-21,6184,2649.696670000001,0.0
2021-08-22,5742,2832.627067000001,2523.02
2021-08-23,9320,4263.263708,3862.23
2021-08-24,10254,4334.805549999998,1251.99
2021-08-25,10491,4411.594458000001,0.0
2021-08-26,5435,2346.7098799999994,0.0
2021-08-27,6728,3135.1579000000006,0.0
2021-08-28,14918,6835.076465000002,4537.7
2021-08-29,8804,3887.058737,3585.41
2021-08-30,8381,3820.221663999999,3240.8300000000004
2021-08-31,8436,3790.342005999999,3269.8599999999997
2021-09-01,17154,6334.071435999998,6333.469999999999
2021-09-02,11787,5701.285063000004,4905.62
2021-09-03,9303,4368.404969,4508.89
2021-09-04,8806,3927.4564219999993,1755.11
2021-09-05,7195,3294.9253249999997,1275.45
2021-09-06,3237,1443.50316,862.69
2021-09-07,9362,4403.924749999999,2448.53
2021-09-08,3649,1663.0776809999995,0.0
2021-09-09,4069,1915.3839900000003,0.0
2021-09-10,4532,2145.1294900000003,0.0
2021-09-11,6656,3012.4412400000006,0.0
2021-09-12,5405,2425.62324,161.32000000000002
2021-09-13,6597,3086.828811,2663.0099999999998
2021-09-14,12313,5908.867130999997,3589.4700000000003
2021-09-15,5953,2756.0174700000002,0.0
2021-09-16,5032,2266.2785339999996,0.0
2021-09-17,8658,3904.623968000001,1955.09
2021-09-18,12355,5597.5632399999995,2154.3199999999997
2021-09-19,9257,4200.5892090000025,2604.52
2021-09-20,8280,3904.949935,2812.31
2021-09-21,12912,6012.3774399999975,4001.5499999999997
2021-09-22,3517,1592.7411299999997,774.1800000000001
2021-09-23,8595,3860.737792000001,1480.13
2021-09-24,13482,6087.633831,5165.63
2021-09-25,8079,3784.9910040000022,1425.82
2021-09-26,2875,1269.9026899999997,0.0
2021-09-27,3171,1372.5671499999999,0.0
2021-09-28,12121,5566.390990000002,4967.320000000001
2021-09-29,7911,3543.4753300000007,222.51999999999998
2021-09-30,7711,3518.7164899999966,1248.99
2021-10-01,16372,7574.909640000001,5489.75
2021-10-02,7935,3707.1562510000003,0.0
2021-10-03,2939,1341.43557,0.0
2021-10-04,4007,1778.59295,0.0
2021-10-05,8047,3695.966812,2436.51
2021-10-06,9235,4189.673609999998,3273.6900000000005
2021-10-07,7659,3469.7841610000005,3511.53
2021-10-08,5611,2514.957436,1591.3
2021-10-09,9262,4195.13865,2323.87
2021-10-10,13022,5351.3533400000015,0.0
2021-10-11,1306,592.2143609999999,0.44999999999999996
2021-10-12,3615,1626.36001,765.1300000000001
2021-10-13,7006,3179.205351999999,2944.38
2021-10-14,7041,3168.1405640000016,1713.71
2021-10-15,6223,2912.160800000001,1371.8700000000001
2021-10-16,21416,9029.532327999998,5117.48
2021-10-17,7111,3185.6827000000003,2407.06
2021-10-18,11195,5085.57687,4174.5
2021-10-19,6550,3017.4077509999997,1385.94
2021-10-20,3701,1661.07451,66.92999999999999
2021-10-21,12471,5910.929511,4184.68
2021-10-22,6919,3165.8294049999995,2052.9900000000002
2021-10-23,13089,5916.627520000002,626.81
2021-10-24,6272,2861.8481699999998,1403.52
2021-10-25,3389,1490.4205700000005,0.0
2021-10-26,2333,1118.9964249999998,0.0
2021-10-27,4612,2088.5688299999997,0.0
2021-10-28,6258,2878.2545099999998,0.0
2021-10-29,6794,3056.3810100000005,0.0
2021-10-30,7965,3650.6429299999986,0.0
2021-10-31,5127,2316.7967,0.0
2021-11-01,3456,1519.45121,0.0
2021-11-02,2755,1250.83754,0.0
2021-11-03,3689,1678.5021199999994,704.81
2021-11-04,8625,3969.182937000001,3709.62
2021-11-05,3328,1562.54121,0.0
2021-11-06,9539,4419.54905,0.0
2021-11-07,3085,1449.745226,0.0
2021-11-08,10737,4886.344691000002,3484.88
2021-11-09,5979,2780.6016,2357.66
2021-11-10,2786,1321.79641,44.1
2021-11-11,8318,3917.9482200000016,3586.81
2021-11-12,8425,3976.288891,2797.31
2021-11-13,11632,5328.3433399999985,0.0
2021-11-14,6372,2853.869552,130.8
2021-11-15,5741,2598.6956499999997,1277.32
2021-11-16,8810,4102.828811,1493.55
2021-11-17,3748,1765.1638799999998,0.0
2021-11-18,8950,4037.9978950000013,2316.31
2021-11-19,11625,5332.78581,3186.13
2021-11-20,11383,5042.811549999999,3476.73
2021-11-21,3135,1466.696937,649.5600000000001
2021-11-22,6506,3190.3026909999994,1678.3799999999999
2021-11-23,4175,1944.5325599999999,1271.37
2021-11-24,3270,1550.56964,0.0
2021-11-25,1696,777.1817300000001,0.0
2021-11-26,3656,1705.39321,0.0
2021-11-27,2334,1063.7230200000001,0.0
2021-11-28,3534,1639.7613000000001,0.0
2021-11-29,8244,4033.81542,1777.9499999999998
2021-11-30,13561,6574.088250000001,169.18
2021-12-01,2903,1391.71678,0.0
2021-12-02,4786,2107.3147500000005,0.0
2021-12-03,12972,5789.590430000001,5973.150000000001
2021-12-04,11468,5419.765284999996,4911.9400000000005
2021-12-05,4895,2290.6489439999996,755.22
2021-12-06,4700,2338.00235,0.0
2021-12-07,3142,1520.6561299999996,0.0
2021-12-08,10073,4630.635217999997,3724.41
2021-12-09,9109,4264.228652,2859.01
2021-12-10,11745,5176.228800000003,2211.5299999999997
2021-12-11,6591,3006.6169050000008,2184.17
2021-12-12,13330,6270.934366999997,5556.5599999999995
2021-12-13,2683,1244.123161,244.89999999999998
2021-12-14,1473,688.6264899999999,0.0
2021-12-15,1715,792.5503699999998,0.0
2021-12-16,6532,3018.58338,2758.79
2021-12-17,5693,2582.97821,0.0
2021-12-18,2565,1252.1351799999998,0.0
2021-12-19,5121,2379.519289,3121.3999999999996
2021-12-20,7093,3491.3289539999987,2963.66
2021-12-21,6431,2895.6681199999994,181.08
2021-12-22,6073,2761.60461,0.0
2021-12-23,3340,1531.5114199999998,0.0
2021-12-24,583,270.27955,0.0
2021-12-25,1253,627.09048,0.0
2021-12-26,773,366.97365,0.0
2021-12-27,4376,2045.9238900000005,0.0
2021-12-28,4334,2028.9407400000002,0.0
2021-12-29,572,265.6483,0.0
2021-12-30,3344,3523.2095600000002,0.0
2021-12-31,1931,869.61063,0.0
2022-01-01,4113,1801.8853,0.0
2022-01-02,2093,988.9094099999999,0.0
2022-01-03,2108,976.33185,0.0
2022-01-04,1563,729.8783899999999,0.0
2022-01-05,624,302.60470000000004,0.0
2022-01-06,367,179.20565,0.0
2022-01-07,1074,478.4991799999999,0.0
2022-01-08,1803,843.6326000000001,0.0
2022-01-09,2283,1027.2253999999998,0.0
2022-01-10,584,269.219,0.0
2022-01-11,2939,1326.2529499999998,0.0
2022-01-12,836,375.10220999999996,0.0
2022-01-13,1597,741.2529000000001,0.0
2022-01-14,3444,1550.7017,0.0
2022-01-15,4274,1908.1490999999996,1164.83
2022-01-16,3970,1843.5304699999997,1806.91
2022-01-17,971,456.32709,0.0
2022-01-18,1384,630.58253,0.0
2022-01-19,1903,907.55128,0.0
2022-01-20,2181,995.4036,0.0
2022-01-21,10051,5536.7683750000015,3891.05
2022-01-22,6358,2871.087,0.0
2022-01-23,3617,1656.313193,0.0
2022-01-24,17047,8172.554109999999,5899.17
2022-01-25,4822,2204.0999690000003,568.22
2022-01-26,2957,1363.7721499999998,0.0
2022-01-27,3078,1501.9423400000003,0.0
2022-01-28,3397,1524.6396899999997,0.0
2022-01-29,4096,1912.6912800000002,0.0
2022-01-30,5866,2686.0220299999996,0.0
2022-01-31,4380,2057.641947,0.0
2022-02-01,3962,1839.20788,0.0
2022-02-02,5087,2402.89716,789.241
2022-02-03,6955,3269.4255270000003,4336.56
2022-02-04,2056,970.07929,453.15
2022-02-05,5670,2610.1790199999996,0.0
2022-02-06,3608,1663.2655299999997,0.0
2022-02-07,2777,1371.1793299999995,0.0
2022-02-08,4747,2141.60727,0.0
2022-02-09,4511,2049.11236,820.292
2022-02-10,12359,5776.0767950000045,5212.57
2022-02-11,7617,3452.502645999998,1897.3400000000001
2022-02-12,6032,2763.1391900000003,0.0
2022-02-13,3050,1381.24229,0.0
2022-02-14,4452,2126.0766099999996,0.0
2022-02-15,1041,487.70213,0.59
2022-02-16,9380,4422.185485,3176.5699999999997
2022-02-17,5573,2640.8847850000006,1817.45
2022-02-18,1690,789.263936,0.0
2022-02-19,1678,765.61969,0.0
2022-02-20,3196,1539.01742,0.0
2022-02-21,2057,957.5243700000001,0.0
2022-02-22,3029,1512.7662599999999,0.0
2022-02-23,4243,2013.8314509999996,0.0
2022-02-24,7029,3315.000163,3463.68
2022-02-25,5507,2516.095449,567.61
2022-02-26,8933,4046.13231,0.0
2022-02-27,5560,2465.9472200000005,0.0
2022-02-28,4729,2182.6102780000006,1824.91
2022-03-01,5058,2330.9453200000003,918.56
2022-03-02,3777,1741.6557500000001,0.0
2022-03-03,3002,1418.1308099999999,0.0
2022-03-04,5888,2825.006615,809.76
2022-03-05,3639,1700.2833099999998,0.0
2022-03-06,1283,564.0971099999999,173.43
2022-03-07,2355,1111.1881530000003,792.56
2022-03-08,5311,2460.092764000001,3010.48
2022-03-09,1051,478.85129000000006,215.67000000000002
2022-03-10,3391,1695.2451999999998,0.0
2022-03-11,1272,554.41514,0.0
2022-03-12,3002,1316.6888999999999,0.0
2022-03-13,2140,1027.70039,0.0
2022-03-14,2458,1166.53722,0.0
2022-03-15,6355,2940.320812000001,1302.93
2022-03-16,3667,1690.1649100000002,769.0600000000001
2022-03-17,7781,3641.757254999999,2608.4300000000003
2022-03-18,14745,7685.238537000001,6462.66
2022-03-19,3705,1669.8113069999997,0.0
2022-03-20,4463,2031.4195299999997,109.59
2022-03-21,3385,1537.3650200000002,1040.6
2022-03-22,1917,884.80111,782.0
2022-03-23,3117,1381.3372999999997,0.0
2022-03-24,3043,1358.4083170000001,0.0
2022-03-25,7760,3375.6450800000002,0.0
2022-03-26,6128,2677.6668399999994,0.0
2022-03-27,1936,840.4422549999998,0.0
2022-03-28,3342,1543.3694899999998,0.0
2022-03-29,3111,1394.8886599999998,0.0
2022-03-30,631,284.60025,0.0
2022-03-31,2110,946.4996,0.0
2022-04-01,2916,1331.8702299999998,0.0
2022-04-02,1562,691.87255,0.0
2022-04-03,7628,3205.14645,0.0
2022-04-04,2786,1226.3632800000003,0.0
2022-04-05,1104,516.7994699999999,0.0
2022-04-06,3704,1665.1632499999996,0.0
2022-04-07,5298,2362.860336,0.0
2022-04-08,4840,2150.6407799999997,55.81
2022-04-09,5664,2608.8683249999995,2594.45
2022-04-10,5052,2294.9939500000005,535.52
2022-04-11,4325,1962.5058700000002,0.0
2022-04-12,9516,4313.454260000001,0.0
2022-04-13,10444,4825.251125,3354.8599999999997
2022-04-14,7404,3436.6840300000003,2140.5
2022-04-15,5263,2370.2358099999997,0.0
2022-04-16,3987,1853.4518299999995,1545.76
2022-04-17,3605,1680.4118200000003,807.817
2022-04-18,5975,2720.634779999999,2405.7599999999998
2022-04-19,1999,919.53149,416.92
2022-04-20,3022,1385.65178,0.0
2022-04-21,5688,2543.6928100000005,0.0
2022-04-22,4220,1887.79191,0.0
2022-04-23,9047,4103.340909999999,3725.6099999999997
2022-04-24,6324,2869.4821400000005,1191.6200000000001
2022-04-25,1689,769.88514,0.0
2022-04-26,2555,1143.95694,0.0
2022-04-27,2535,1133.74134,0.0
2022-04-28,6325,2889.955662,0.0
2022-04-29,6091,2693.4469899999995,0.0
2022-04-30,2579,1147.50451,0.0
2022-05-01,4657,2074.2509800000007,0.0
2022-05-02,3160,1401.81898,0.0
2022-05-03,6539,3055.2967599999997,0.0
2022-05-04,3463,1630.9306000000001,0.0
2022-05-05,6002,2886.0201300000003,0.0
2022-05-06,3134,1346.2532399999996,0.0
2022-05-07,6105,2797.1089570000004,3520.6
2022-05-08,2879,1289.1640580000003,310.89
2022-05-09,3236,1499.0580199999997,0.0
2022-05-10,7246,3389.5251550000003,3838.06
2022-05-11,3957,1801.301922,417.40000000000003
2022-05-12,9994,4566.491337,4014.89
2022-05-13,6781,2920.7500199999995,0.0
2022-05-14,10640,4859.91316,0.0
2022-05-15,9072,3961.6631100000004,0.0
2022-05-16,9221,4231.786650000002,4170.45
2022-05-17,5184,2463.0115850000007,366.96
2022-05-18,16115,7483.046425000002,5908.18
2022-05-19,11177,5116.716791999999,5713.53
2022-05-20,10248,4721.629373,1964.83
2022-05-21,3971,1712.08044,0.0
2022-05-22,5268,2512.0775209999997,1556.56
2022-05-23,5941,2780.3893922409015,2562.02
2022-05-24,7050,3254.888682000002,3147.76
2022-05-25,10032,4616.571755000003,4524.07
2022-05-26,9079,4303.889906999999,4546.35
2022-05-27,10982,5007.444474999998,4249.18
2022-05-28,3159,1456.26722,1836.1000000000001
2022-05-29,10361,4717.687919999999,0.0
2022-05-30,724,333.43506,0.0
2022-05-31,8130,3820.9277050000005,2627.9500000000003
2022-06-01,5860,2637.8881130000004,1412.7600000000002
2022-06-02,7923,3669.9433239999985,4176.01
2022-06-03,7859,3532.5536600000005,308.341
2022-06-04,471,212.37072999999998,0.0
2022-06-05,11234,4192.97378,3160.38
2022-06-06,8419,3800.614219999999,2805.34
2022-06-07,2552,1107.8126800000002,0.0
2022-06-08,1383,613.6818770000001,0.0
2022-06-09,5097,2295.5626899999997,475.87
2022-06-10,17321,8223.417176,0.0
2022-06-11,16911,7419.6816659999995,0.0
2022-06-12,7381,3331.7514699999997,0.0
2022-06-13,3492,1585.8711899999998,0.0
2022-06-14,3116,1341.0758600000001,0.0
2022-06-15,7001,3162.3687399999994,1492.19
2022-06-16,3072,1348.5386199999998,0.0
2022-06-17,2779,1211.6442700000002,0.0
2022-06-18,516,238.25823,0.0
2022-06-19,2301,1034.12343,0.0
2022-06-20,4976,2207.2626749999995,1364.57
2022-06-21,5918,2704.922967000001,2843.35
2022-06-22,4756,2187.3948920000003,1842.0500000000002
2022-06-23,8252,3759.5559950000006,2822.4
2022-06-24,6240,2853.4208099999996,1794.3799999999999
2022-06-25,1804,801.4234,0.0
2022-06-26,14758,6572.024930000003,0.0
2022-06-27,9301,4325.37425,3455.02
2022-06-28,6146,2731.0450800000003,0.0
2022-06-29,8212,3696.0302899999997,3736.5699999999997
2022-06-30,4519,2033.8095600000004,55.03999999999999
2022-07-01,5442,2376.29061,0.0
2022-07-02,6143,2747.3154999999997,0.0
2022-07-03,4513,2022.7101099999998,0.0
2022-07-04,2658,1187.43972,0.0
2022-07-05,7200,3317.976325000001,3628.86
2022-07-06,5479,2470.9477199999997,2019.7399999999998
2022-07-07,9032,3875.8277300000004,0.0
2022-07-08,7391,3353.679752,2228.48
2022-07-09,484,225.697814,0.0
2022-07-10,5159,2351.8600119999996,2441.72
2022-07-11,5169,2346.5278500000004,542.562
2022-07-12,6050,2785.067142,3347.9199999999996
2022-07-13,7747,3582.5073450000004,3207.13
2022-07-14,10315,4837.970369999999,3935.8300000000004
2022-07-15,2144,942.4002199999999,0.0
2022-07-16,2597,1139.8594600000001,0.0
2022-07-17,4984,5614.82543,0.0
2022-07-18,8589,3809.8074600000014,3888.07
2022-07-19,4241,1898.689418,1290.49
2022-07-20,2870,1284.1338799999999,0.0
2022-07-21,6338,2945.5140049999995,1830.6
2022-07-22,7397,3344.6331,0.0
2022-07-23,7783,3436.84805,0.0
2022-07-24,4160,1784.5616200000002,0.0
2022-07-25,3909,1742.0780400000003,0.0
2022-07-26,12297,5944.924884000002,5381.32
2022-07-27,6302,2958.3375950000004,4217.75
2022-07-28,3294,1445.0210000000002,1055.4
2022-07-29,2953,1342.2576880000006,0.0
2022-07-30,2011,889.2805599999998,0.0
2022-07-31,4508,1909.4339100000002,189.81
2022-08-01,3915,1776.02297,790.4200000000001
2022-08-02,3946,1813.5236799999998,872.1299999999999
2022-08-03,6835,3386.119710000001,3558.41
2022-08-04,7713,3591.998952999999,3353.27
2022-08-05,7022,3199.110293,1621.5100000000002
2022-08-06,5116,2361.0939970000004,0.0
2022-08-07,4054,1828.9862399999997,0.0
2022-08-08,3584,1689.62191,0.0
2022-08-09,6164,2977.293350000001,2185.92
2022-08-10,5298,2440.37127,3135.4300000000003
2022-08-11,7034,3256.695617,3736.9700000000003
2022-08-12,7438,3418.390091999999,3116.06
2022-08-13,8234,3607.7540599999998,306.90000000000003
2022-08-14,2700,1195.245946,0.0
2022-08-15,8311,3831.3861540000016,3632.26
2022-08-16,9124,4063.320643,3423.7799999999997
2022-08-17,7530,3502.177910000001,3507.4400000000005
2022-08-18,10026,4697.882104000002,4185.5
2022-08-19,7206,3251.339885000001,2489.11
2022-08-20,11934,5365.314470000001,1513.3899999999999
2022-08-21,7172,3288.587741999999,4550.32
2022-08-22,8875,4020.4170000000004,86.13
2022-08-23,6879,3140.28594,0.0
2022-08-24,11617,5211.448056000001,0.0
2022-08-25,9392,4198.16398,0.0
2022-08-26,23176,10720.910788999998,6003.7
2022-08-27,11147,5063.687265,3337.25
2022-08-28,7227,3201.6698200000005,1899.1499999999999
2022-08-29,14340,6682.550902999998,5857.5599999999995
2022-08-30,14995,7184.178394999999,5768.17
2022-08-31,10892,4991.465495,5010.03
2022-09-01,10791,4971.85324,5128.41
2022-09-02,14863,6881.534944000002,4796.070000000001
2022-09-03,21984,10360.023420000003,0.0
2022-09-04,12684,5608.524219999998,0.0
2022-09-05,3404,1564.30388,0.0
2022-09-06,15512,7151.763241000003,6302.41
2022-09-07,13123,6353.783557,5624.99
2022-09-08,12007,5564.3833349999995,4859.21
2022-09-09,9514,4460.465816999998,2018.02
2022-09-10,36714,16810.734364000004,7399.51
2022-09-11,5361,2418.31566,1989.1399999999999
2022-09-12,7700,3595.939817000001,3226.16
2022-09-13,9782,4836.850691999998,3550.68
2022-09-14,11808,5431.3818299999975,4836.5199999999995
2022-09-15,9998,4582.71776,5337.2699999999995
2022-09-16,20506,9481.329392000005,7185.280000000001
2022-09-17,26972,13490.907685000004,9085.470000000001
2022-09-18,14223,6531.125406000001,4012.4900000000002
2022-09-19,13322,6429.682642000001,7487.83
2022-09-20,19517,8987.350875000002,6591.59
2022-09-21,13887,6505.023095000002,6417.7300000000005
2022-09-22,17281,7820.236723999997,6597.75
2022-09-23,14221,6863.905072000004,7058.150000000001
2022-09-24,11016,4903.247525000002,3215.91
2022-09-25,14199,6225.5130500000005,5565.3099999999995
2022-09-26,10502,4691.519247999999,4893.570000000001
2022-09-27,8105,3603.945584,2268.94
2022-09-28,12746,5719.872154999996,6276.509999999999
2022-09-29,14805,6588.042240000002,6654.38
2022-09-30,17039,7893.094583999999,7171.91
2022-10-01,35273,16015.522229,10504.8
2022-10-02,9136,3905.1574099999993,3406.75
2022-10-03,10292,4729.23866,5258.8099999999995
2022-10-04,11982,5444.060941000003,4807.09
2022-10-05,10519,4792.70973,3685.69
2022-10-06,12286,5387.192217999997,4296.18
2022-10-07,22724,10266.305275000002,3847.38
2022-10-08,12679,5601.0178479999995,3031.0899999999997
2022-10-09,10101,4546.021054999998,4399.78
2022-10-10,4847,2025.4037999999998,0.0
2022-10-11,9610,4316.348004999999,4222.889999999999
2022-10-12,9969,4658.457743,5176.12
2022-10-13,10053,4565.173195,4314.75
2022-10-14,13851,6305.547607000003,4269.7300000000005
2022-10-15,14460,5685.240949999999,4340.0
2022-10-16,10941,4915.6427109999995,5178.32
2022-10-17,10160,4808.020081000003,4839.96
2022-10-18,15882,7035.163898999997,5784.75
2022-10-19,10312,4751.65689,2623.34
2022-10-20,8816,4077.953197000001,4226.3099999999995
2022-10-21,14414,6729.548093000003,6106.05
2022-10-22,14384,6443.351544999999,4254.41
2022-10-23,9032,3922.2926459999976,3577.59
2022-10-24,7329,3315.8465719999995,3625.7299999999996
2022-10-25,9422,4310.767339999999,4622.320000000001
2022-10-26,12343,5459.1564130000015,6157.41
2022-10-27,13030,5994.233144,5546.620000000001
2022-10-28,14384,6409.499334999998,4083.2799999999997
2022-10-29,16283,6752.0174099999995,0.0
2022-10-30,13840,6038.466057880002,3518.85
2022-10-31,11595,5226.088352000002,5140.87
2022-11-01,9493,4138.986765000002,2543.54
2022-11-02,10506,4877.050082,5782.039999999999
2022-11-03,13830,6204.329130000001,5502.94
2022-11-04,13104,5936.990630000003,5423.09
2022-11-05,3053,1276.3512460000002,0.0
2022-11-06,11469,4756.128706,1074.0900000000001
2022-11-07,8308,3746.05857,4094.1899999999996
2022-11-08,9011,4099.461349999999,3989.1000000000004
2022-11-09,7158,3196.507154000001,4370.5
2022-11-10,8466,3739.7776620000004,3427.83
2022-11-11,13849,6310.413220999999,5214.49
2022-11-12,11379,4918.463950000001,1680.17
2022-11-13,14380,6770.5544949999985,3323.13
2022-11-14,12203,5815.998035000001,5272.37
2022-11-15,9733,4516.730964999999,5491.26
2022-11-16,10343,4718.307530000001,5505.599999999999
2022-11-17,8549,3821.2366250000005,3516.87
2022-11-18,25806,11611.049573999993,8265.01
2022-11-19,4828,2099.029773,1670.57
2022-11-20,4996,2233.47837,1949.42
2022-11-21,6212,2745.5307940000007,2479.44
2022-11-22,10307,4784.3434,3879.95
2022-11-23,5783,2607.2103200000006,1568.42
2022-11-24,4549,1934.11524,230.29
2022-11-25,11509,4983.448809999999,2266.96
2022-11-26,7086,3042.3397000000004,298.84000000000003
2022-11-27,11921,5353.618594000002,4675.63
2022-11-28,8989,4110.531746,3645.7
2022-11-29,9222,4188.032830000002,4386.650000000001
2022-11-30,11966,5512.935329999998,2355.18
2022-12-01,17836,8226.120459000002,7944.76
2022-12-02,9602,4327.864210000001,4902.12
2022-12-03,5281,2325.0866549999996,2037.94
2022-12-04,7412,3284.81311,3581.42
2022-12-05,10323,4834.9718859999975,4896.8099999999995
2022-12-06,11186,5240.172142000001,5922.820000000001
2022-12-07,11507,5419.618309999998,5760.599999999999
2022-12-08,13662,6110.039464000004,5870.42
2022-12-09,9695,4276.400959000001,3958.39
2022-12-10,21234,9705.641317999998,6755.410000000001
2022-12-11,17296,7662.486980000003,3639.76
2022-12-12,5614,2310.4935700000005,0.0
2022-12-13,6229,2773.5197750000007,2912.74
2022-12-14,13204,6044.297314000006,6206.91
2022-12-15,10883,4941.006773000002,3878.68
2022-12-16,11062,5013.798259,5196.01
2022-12-17,11995,5686.3224212000005,6515.53
2022-12-18,8003,3572.3169710000006,2357.4700000000003
2022-12-19,10614,4749.352730999998,3871.96
2022-12-20,2291,929.7576499999998,0.0
2022-12-21,4187,1863.1917500000004,0.0
2022-12-22,5927,2487.0235799999996,0.0
2022-12-23,4420,1851.3667729999997,0.0
2022-12-24,2092,841.0507300000002,0.0
2022-12-25,1978,834.7130299999999,0.0
2022-12-26,26185,9621.22813,4691.67
2022-12-27,4208,1881.7756469999997,1642.8700000000001
2022-12-28,2318,990.0151999999999,184.22
2022-12-29,16768,7168.6696870000005,0.0
2022-12-30,15330,6466.00929,0.0
2022-12-31,5667,2350.3671019999992,0.0
2023-01-01,1158,496.749,0.0
2023-01-02,3266,1451.9951299999998,0.0
2023-01-03,1768,818.5899390000001,0.0
2023-01-04,9614,4237.06315,3141.3
2023-01-05,4030,1643.24142,505.24
2023-01-06,7592,3344.3113970000013,4432.47
2023-01-07,10560,4547.3229249999995,1638.6799999999998
2023-01-08,4004,1638.1142300000001,169.66000000000003
2023-01-09,15748,7191.995741000001,7071.52
2023-01-10,11477,5322.985920000003,6233.75
2023-01-11,4362,1813.8202999999999,0.0
2023-01-12,4801,1953.5164199999997,0.0
2023-01-13,7165,3011.2590499999997,0.0
2023-01-14,8372,3663.4049195,3901.82
2023-01-15,4697,2049.7607150000003,1650.7400000000002
2023-01-16,3190,1374.240135,1394.18
2023-01-17,10548,4938.69707,5521.860000000001
2023-01-18,9189,4087.5243890000006,4140.62
2023-01-19,12444,5412.7340600000025,5250.990000000001
2023-01-20,15494,7098.840236000001,6681.61
2023-01-21,8815,3808.3502000000008,4054.69
2023-01-22,1801,717.7126599999999,48.81999999999999
2023-01-23,6776,3020.384327,2421.7799999999997
2023-01-24,9445,4220.050027000002,2972.7
2023-01-25,9602,4329.3332415,4554.29
2023-01-26,6755,3062.332172,3204.8500000000004
2023-01-27,13595,6053.304910999997,3876.1099999999997
2023-01-28,8162,3483.730776999999,2368.98
2023-01-29,1356,585.48071,66.06
2023-01-30,12182,5666.682301999997,6027.889999999999
2023-01-31,12090,5639.209365000001,6015.78
2023-02-01,3958,1591.18131,114.17999999999999
2023-02-02,15783,7308.384968000005,7114.880000000001
2023-02-03,9556,4369.926794000003,3847.61
2023-02-04,2643,1162.405915,1405.8799999999999
2023-02-05,2974,1387.1270969999996,3101.17
2023-02-06,6136,2818.1909820000005,3543.6000000000004
2023-02-07,8058,3580.862521076896,4088.17
2023-02-08,17564,7378.427157000004,5853.24
2023-02-09,11398,5084.153409999997,4588.349999999999
2023-02-10,10528,4829.0842049999965,6150.9400000000005
2023-02-11,2409,1086.84683,1662.41
2023-02-12,3172,2217.83612,1146.33
2023-02-13,6106,2786.1786549999997,3737.68
2023-02-14,6377,2929.154665000001,3964.32
2023-02-15,9505,4352.806087000001,5228.5
2023-02-16,7996,3627.353574000002,4853.5
2023-02-17,9284,4196.961717999999,4769.610000000001
2023-02-18,7006,3476.228181999999,2442.15
2023-02-19,5436,2296.1156300000007,0.0
2023-02-20,14699,6687.5500340000035,6037.51
2023-02-21,7583,3399.7208140000002,4120.21
2023-02-22,7724,3461.9447159999986,2986.51
2023-02-23,8017,3536.3828639999992,3821.06
2023-02-24,9340,4301.454401000002,5439.32
2023-02-25,5727,2638.3112719999995,3336.84
2023-02-26,2641,1196.5273239999997,2223.48
2023-02-27,5980,2792.5902620000006,4602.91
2023-02-28,5072,2390.681781999999,4397.780000000001
2023-03-01,2619,1242.408294,2568.77
2023-03-02,5149,2445.7112910000005,5323.04
2023-03-03,3976,1940.2676549999999,4013.5199999999995
2023-03-04,7781,3650.8223269999994,6554.44
2023-03-05,6056,2909.336135,3625.17
2023-03-06,562,270.84945,527.24
2023-03-07,2253,1081.896192,1630.5099999999998
2023-03-08,2488,1176.089627,2588.42
2023-03-09,3585,1687.8192490000001,2934.2700000000004
2023-03-10,49029,22062.238173,5429.09
2023-03-11,8108,3596.9644850000013,3843.1
2023-03-12,18555,8550.758964999997,5879.87
2023-03-13,10506,5205.458824999998,5407.02
2023-03-14,6231,2660.809899,2057.1
2023-03-15,10213,4586.754211999998,3562.9399999999996
2023-03-16,9970,4560.114423,4368.87
2023-03-17,9336,4230.256468999999,5013.65
2023-03-18,11661,5233.437655,3039.2700000000004
2023-03-19,8428,3868.2251380000002,5251.3
2023-03-20,10963,5026.043187,5102.28
2023-03-21,10343,4804.193456999996,5603.139999999999
2023-03-22,8785,4064.796326000003,5124.719999999999
2023-03-23,12571,5724.881207000001,6164.41
2023-03-24,13454,6059.244356999998,6260.280000000001
2023-03-25,5036,2261.1383099999994,2459.2799999999997
2023-03-26,9232,4353.111172999999,5451.639999999999
2023-03-27,10264,4989.899579000001,5269.22
2023-03-28,7709,3511.8233539999997,3871.74
2023-03-29,6596,2985.4314000000004,2780.31
2023-03-30,12915,6211.376783600002,6728.289999999999
2023-03-31,7671,3458.4316299999996,3773.05
2023-04-01,16813,7508.555256999997,7413.0
2023-04-02,3509,1527.1984400000003,1781.34
2023-04-03,8634,3953.923575000001,4791.070000000001
2023-04-04,6858,3126.6574620000015,2626.54
2023-04-05,7396,3401.9576770000012,4418.41
2023-04-06,8955,4134.339206999998,3896.07
2023-04-07,17680,8295.097836000008,7126.2699999999995
2023-04-08,14532,6866.923827999999,7740.0199999999995
2023-04-09,10740,4805.753584999999,5957.65
2023-04-10,9340,4339.425544,3932.3399999999997
2023-04-11,7592,3641.0275189999993,4187.7
2023-04-12,8863,4162.314103999999,4833.15
2023-04-13,12596,6044.442773,5391.07
2023-04-14,4859,2100.83346,0.0
2023-04-15,5371,2279.7348500000003,0.0
2023-04-16,3162,1367.6619999999998,378.78
2023-04-17,5098,2360.1275509599986,3113.8099999999995
2023-04-18,6927,3122.144923,2639.41
2023-04-19,6158,2927.908234,3860.31
2023-04-20,5176,2450.1132859999993,3847.7
2023-04-21,9076,4250.463013,5133.17
2023-04-22,11016,4999.1142,3639.25
2023-04-23,5097,2142.6562151000003,2261.88
2023-04-24,5824,2644.9063589999987,3742.32
2023-04-25,2476,1103.7907800000003,1376.96
2023-04-26,17084,9722.339723999998,5079.46
2023-04-27,4195,1908.4087099999997,2320.65
2023-04-28,9882,4519.468187999999,5279.120000000001
2023-04-29,1527,713.968807,1775.98
2023-04-30,6529,3020.8966100000002,3060.27
2023-05-01,4118,1837.7779450000005,1274.21
2023-05-02,2643,1146.3978949999998,27.7304
2023-05-03,8404,3809.769032000003,5467.9
2023-05-04,14584,6663.3572810000005,6301.78
2023-05-05,6263,2808.609605999999,3961.3099999999995
2023-05-06,7369,3601.9373259999998,3053.75
2023-05-07,4835,2169.093106,3378.97
2023-05-08,5102,2207.17777,811.74
2023-05-09,11276,5217.161292,4521.61
2023-05-10,12203,5608.636623999999,6000.700000000001
2023-05-11,7804,3553.2219569999997,3884.81
2023-05-12,8685,3725.5752899999998,0.0
2023-05-13,18597,8009.57575,0.0
2023-05-14,4126,1803.7367600000005,0.0
2023-05-15,4451,1848.6296880000004,0.0
2023-05-16,7002,3144.91353,0.0
2023-05-17,8747,4076.5498089999996,3856.93
2023-05-18,8213,3796.8154539999987,3793.7599999999998
2023-05-19,18922,8884.694592999998,6787.889999999999
2023-05-20,5739,2568.9310339999997,3229.6
2023-05-21,9352,4139.239964000001,4728.31
2023-05-22,8753,3868.275916,2612.0800000000004
2023-05-23,23124,10465.265369999996,8012.61
2023-05-24,22897,10227.616088999994,8909.81
2023-05-25,28543,12671.120941,9698.01
2023-05-26,17511,7952.6714129999955,6717.93
2023-05-27,10276,4483.775162000003,4674.45
2023-05-28,3095,1294.7143700000001,0.0
2023-05-29,1505,594.975122,0.0
2023-05-30,9502,4471.405804000003,3685.46
2023-05-31,15531,7068.607015999999,5958.48
2023-06-01,9603,4276.067311000001,4589.7699999999995
2023-06-02,18251,8042.537149999998,5918.61
2023-06-03,1327,561.75022,0.0
2023-06-04,2649,1108.17774,0.0
2023-06-05,10117,4564.536698999998,2413.87
2023-06-06,10975,4865.459325000002,4480.2300000000005
2023-06-07,2811,1302.1343190000005,2612.0499999999997
2023-06-08,12251,5369.883686999997,4139.66
2023-06-09,10182,5096.427154999999,4124.74
2023-06-10,5598,2486.7513949999993,1376.12
2023-06-11,5698,2618.4746339999983,1790.3700000000001
2023-06-12,3938,1737.2012699999998,104.41000000000001
2023-06-13,5199,2474.807527,1905.8899999999999
2023-06-14,15900,6719.818202000001,4610.64
2023-06-15,9425,4245.284529000001,4860.74
2023-06-16,8869,3972.661006,4079.41
2023-06-17,22097,9025.126449000003,6961.2300000000005
2023-06-18,9492,4374.676354,2182.29
2023-06-19,4910,2257.8764199999996,833.82
2023-06-20,11835,5265.596635999999,5287.34
2023-06-21,17846,6210.573484999997,5984.610000000001
2023-06-22,3963,1706.16829,46.13
2023-06-23,19703,9147.046185999996,5259.47
2023-06-24,7327,3327.4770419999986,3870.37
2023-06-25,34723,15424.858630000008,10188.8
2023-06-26,6654,3030.188573000001,2826.56
2023-06-27,7036,3288.5928759999993,158.73
2023-06-28,8537,3968.017500000002,4110.66
2023-06-29,11128,5221.016779999999,4368.09
2023-06-30,13466,6217.357177000004,4517.07
2023-07-01,11332,5169.4501100000025,5423.869999999999
2023-07-02,26202,12323.833930000003,83.55000000000001
2023-07-03,10734,4699.2989480000015,3310.0299999999997
2023-07-04,9878,4423.300645000001,5141.78
2023-07-05,11007,4963.428875,5448.099999999999
2023-07-06,13378,6237.695875999996,4614.67
2023-07-07,8926,3998.7762500000017,4300.54
2023-07-08,2329,1043.623313,23.990000000000002
2023-07-09,6631,2905.2061099999996,2511.33
2023-07-10,13453,6248.135519999999,4927.03
2023-07-11,8262,3762.4153560000004,4434.17
2023-07-12,10624,4952.63434,4355.58
2023-07-13,9714,4299.629203999999,4215.94
2023-07-14,8557,3824.9661389999997,4264.48
2023-07-15,8154,3621.581516,4195.29
2023-07-16,3580,1565.213846,1614.0
2023-07-17,17995,7941.794357000003,5156.41
2023-07-18,12700,5762.3145829999985,5191.549999999999
2023-07-19,12604,5618.260155999999,4154.23
2023-07-20,12295,5625.00431,4265.58
2023-07-21,11072,5097.009010000003,2765.25
2023-07-22,8078,3531.1349269999996,0.0
2023-07-23,3809,1624.8219100000003,0.0
2023-07-24,15751,7307.227140000002,5325.48
2023-07-25,10017,4692.629800999998,2940.46
2023-07-26,6683,3184.8638099999985,2845.91
2023-07-27,5885,2712.5908100000015,3111.03
2023-07-28,19376,8842.832170000003,5233.6900000000005
2023-07-29,25650,12003.283956999996,6121.5
2023-07-30,4665,2070.82592,2324.65
2023-07-31,15944,7150.311679999997,5324.53
2023-08-01,8396,3831.806709999999,4735.9800000000005
2023-08-02,17393,7779.881328999997,6687.54
2023-08-03,3698,1645.0119000000007,1908.58
2023-08-04,6835,2961.2303400000005,2730.41
2023-08-05,4908,2226.5767510000005,2598.16
2023-08-06,6323,2814.1424100000004,2802.6
2023-08-07,27279,11587.143907000007,4613.12
2023-08-08,5581,2565.7602899999997,3211.2
2023-08-09,9748,4458.678457000001,4141.0599999999995
2023-08-10,7440,3376.1548400000006,4250.5
2023-08-11,881,382.52367899999996,80.86
2023-08-12,4749,2140.945919999999,3719.06
2023-08-13,4046,1802.1896240000005,2132.28
2023-08-14,6358,2867.85027,2802.12
2023-08-15,14104,6373.567670000003,5049.78
2023-08-16,14412,6767.125034,5619.64
2023-08-17,6042,2711.4732000000004,2393.71
2023-08-18,9498,4356.76537,4396.49
2023-08-19,20760,9188.17431,6157.35
2023-08-20,4509,2261.138289999999,1486.78
2023-08-21,6266,2868.3628299999996,2659.72
2023-08-22,13162,6129.102780000003,3781.42
2023-08-23,7337,3234.736887000001,2788.7200000000003
2023-08-24,7600,3521.4785510000006,3828.85
2023-08-25,8241,3791.896793999997,3370.04
2023-08-26,8153,3765.7502619999996,2401.79
2023-08-27,6007,2736.6469270000007,4058.0299999999997
2023-08-28,7758,3558.7426600000013,5396.82
2023-08-29,12729,5938.749323,5838.57
2023-08-30,5958,2626.3447,1618.57
2023-08-31,8130,3825.601657,4730.83
2023-09-01,13270,6211.193055999997,1595.13
2023-09-02,30121,13884.051119999998,0.0
2023-09-03,23717,10950.758714000003,0.0
2023-09-04,7355,3371.524895,0.0
2023-09-05,9028,4305.361188999998,3309.42
2023-09-06,11735,5440.494349999996,3365.9500000000003
2023-09-07,8563,4135.446431000001,4439.97
2023-09-08,4124,1816.0299699999998,110.25
2023-09-09,11758,4061.6989499999995,2380.7599999999998
2023-09-10,7974,3647.4828510000007,3969.64
2023-09-11,10326,4729.11303,3628.18
2023-09-12,10926,4839.050601000002,4240.280000000001
2023-09-13,8553,3850.8683699999992,3200.67
2023-09-14,10157,4458.02403,3868.15
2023-09-15,19499,9091.697201000003,7996.16
2023-09-16,17183,7007.9714380000005,4159.9
2023-09-17,2761,1252.3910600000002,2150.18
2023-09-18,9832,4693.7590310000005,5544.04
2023-09-19,7703,3535.4079800000004,5124.76
2023-09-20,10857,4935.142982999999,5468.4400000000005
2023-09-21,23926,11149.082680000012,7917.86
2023-09-22,16636,7509.448786999995,6398.53
2023-09-23,1191,521.4988900000001,1237.45
2023-09-24,2946,1350.56571,2676.27
2023-09-25,17851,8210.717651999994,6097.34
2023-09-26,7034,3101.02481,2795.62
2023-09-27,21083,9752.602720000004,7432.21
2023-09-28,16443,7270.966624999995,5275.57
2023-09-29,11801,5604.645809999999,3019.0499999999997
2023-09-30,15691,7109.764530000006,5806.92
2023-10-01,4332,1849.2745699999996,40.86
2023-10-02,6545,2986.79225,3885.5099999999998
2023-10-03,14473,6801.172310000001,5691.38
2023-10-04,1805,789.6171999999999,0.0
2023-10-05,11028,4937.399546000001,3678.3300000000004
2023-10-06,16912,7752.471455000001,6146.849999999999
2023-10-07,3489,1440.8623400000001,1082.37
2023-10-08,1348,569.96618,0.0
2023-10-09,14864,6888.829106,4575.6
2023-10-10,11219,5112.568425999997,4632.33
2023-10-11,5017,2298.39229,2909.91
2023-10-12,13697,6232.393982000002,5942.9
2023-10-13,9556,4926.590339999999,4908.92
2023-10-14,6674,2910.2183999999997,232.97
2023-10-15,11627,5316.60031,2381.89
2023-10-16,6140,3643.511519999998,2746.56
2023-10-17,12794,5768.812862000005,5275.299999999999
2023-10-18,13126,5893.95814,3711.74
2023-10-19,3415,1518.4965499999994,994.52
2023-10-20,15482,8673.61884,5760.8
2023-10-21,10777,4127.271554000001,2510.73
2023-10-22,6358,2750.8428790000003,1724.51
2023-10-23,8990,4134.291399999998,5050.75
2023-10-24,20064,9962.76711,6968.9400000000005
2023-10-25,12632,5723.767625999999,4321.03
2023-10-26,5119,2343.398919999999,3137.48
2023-10-27,10083,4635.65049,4246.37
2023-10-28,13650,6132.204539999998,5396.32
2023-10-29,19220,9236.557632771002,6530.929999999999
2023-10-30,6813,3103.05274,4500.05
2023-10-31,16698,7460.688909999999,5164.49
2023-11-01,11707,5260.020009999998,4201.38
2023-11-02,4397,1999.69635,2099.99
2023-11-03,12988,5905.162581,5264.55
2023-11-04,17276,7995.525041999993,6822.67
2023-11-05,17091,7666.485700999999,4402.74
2023-11-06,11682,5478.13774,4307.64
2023-11-07,18244,8111.226990000001,4171.79
2023-11-08,10332,4603.6646200000005,4349.24
2023-11-09,8390,3827.485937999999,4669.35
2023-11-10,408,161.40478,0.0
2023-11-11,12166,5507.08732,4442.4
2023-11-12,13177,5919.645010000001,5765.73
2023-11-13,4120,1911.16244,1899.88
2023-11-14,18326,8114.787814999999,4560.400000000001
2023-11-15,11532,5187.408006999998,4400.299999999999
2023-11-16,1865,816.0387199999999,2055.96
2023-11-17,7516,3410.29042,3392.0499999999997
2023-11-18,15216,7045.651310000003,5311.61
2023-11-19,14338,6230.6246187000015,4743.929999999999
2023-11-20,7178,3305.9604230000004,3703.1400000000003
2023-11-21,12962,5741.21413,3120.08
2023-11-22,7315,3336.6869010000023,4875.9
2023-11-23,14659,6455.350689999996,5403.37
2023-11-24,13400,5811.475485,1922.39
2023-11-25,15022,6633.665019999999,3146.2799999999997
2023-11-26,8238,3633.202239999999,1845.8500000000001
2023-11-27,329,141.33313,0.0
2023-11-28,17584,7920.591612999997,6398.82
2023-11-29,16371,7340.295868999995,5230.36
2023-11-30,8761,4052.7681829999988,4912.41
2023-12-01,15155,6670.431939999999,4102.54
2023-12-02,21824,9742.439124000004,5553.099999999999
2023-12-03,14902,6573.268860999999,3725.24
2023-12-04,8014,3701.566539999999,4775.99
2023-12-05,24296,10870.33510100579,8216.1
2023-12-06,3454,1579.6873280000002,1971.35
2023-12-07,9816,4429.501314999999,4608.73
2023-12-08,9155,4194.898640999998,4700.43
2023-12-09,13554,6085.302816999998,1053.3
2023-12-10,6516,3111.99774,0.0
2023-12-11,1820,776.2668600000001,0.0
2023-12-12,9831,4314.02934,0.0
2023-12-13,4180,1775.7047800000005,0.0
2023-12-14,2070,914.5314609999998,1562.1399999999999
2023-12-15,16556,7580.1779000000015,4257.49
2023-12-16,17070,7699.331313000001,5063.91
2023-12-17,18193,8138.3963410000015,4687.33
2023-12-18,4858,2166.60417,1237.89
2023-12-19,15571,7015.771535999998,4001.79
2023-12-20,18638,8388.09172,5895.63
2023-12-21,4574,1983.1387800000002,2124.55
2023-12-22,13297,5777.232031,3627.68
2023-12-23,46248,20616.653772999995,10702.8
2023-12-24,12640,5648.587679000003,4773.84
2023-12-25,3194,1330.6445700000006,341.34000000000003
2023-12-26,2449,1051.91603,0.0
2023-12-27,16026,7304.742199000003,5600.3099999999995
2023-12-28,13098,5984.16177,6076.3099999999995
2023-12-29,51471,23810.735250000012,13779.7
2023-12-30,47380,21140.88084,9873.210000000001
2023-12-31,13522,5612.657828,1852.2
2024-01-01,9693,4200.778869000002,2318.83
2024-01-02,15818,7002.6446300000025,3402.81
2024-01-03,14653,6550.362746999998,3795.11
2024-01-04,754,321.57246,16.490000000000002
2024-01-05,53238,9086.944157,5746.4
2024-01-06,22413,9977.382400000002,5030.1900000000005
2024-01-07,26693,11794.166408999994,5028.13
2024-01-08,3317,1614.1615999999995,916.63
2024-01-09,9850,5668.702910000002,3966.0199999999995
2024-01-10,17436,7929.876389999999,5804.48
2024-01-11,5005,2185.3766399999995,1596.2
2024-01-12,11968,5427.890232999999,3334.89
2024-01-13,12344,5493.322400000001,4395.89
2024-01-14,22105,9769.165417000004,6399.2
2024-01-15,8467,4457.66303,3681.65
2024-01-16,22212,9851.929729999998,6814.33
2024-01-17,16617,7434.014164000001,4841.12
2024-01-18,19234,8434.017118999995,5974.58
2024-01-19,6301,2841.765562,3841.8900000000003
2024-01-20,22502,9970.845489999998,6431.5
2024-01-21,24837,10859.286679999997,6897.110000000001
2024-01-22,19724,8659.606010000001,5564.790000000001
2024-01-23,7408,3358.17229,4444.66
2024-01-24,10206,4560.107979999999,4822.88
2024-01-25,20529,8857.664810000002,5473.450000000001
2024-01-26,12591,5926.629701999998,5253.6
2024-01-27,23512,10285.903080000002,7024.89
2024-01-28,26623,12123.356521000003,7109.67
2024-01-29,23287,10259.353999999996,6927.799999999999
2024-01-30,8721,3998.1680759999995,1968.1299999999999
2024-01-31,3504,1584.852478,2336.36
2024-02-01,20151,8929.354179999998,5296.509999999999
2024-02-02,7560,3444.396786,4233.82
2024-02-03,23526,10339.439739999998,7322.960000000001
2024-02-04,26675,11698.416169999995,7878.58
2024-02-05,15393,6810.84062,5138.289999999999
2024-02-06,10987,5019.043409999999,5773.76
2024-02-07,7047,3192.9319490000003,4095.91
2024-02-08,5292,2315.4433300000005,1263.69
2024-02-09,11364,5297.132453000001,5524.15
2024-02-10,18977,8350.475385999998,5258.68
2024-02-11,22689,10237.481241000007,7528.57
2024-02-12,5155,2327.7028199999995,2896.25
2024-02-13,5321,2395.348592000001,2371.7400000000002
2024-02-14,6034,2758.8817770000005,2470.58
2024-02-15,3008,1343.158839,1492.52
2024-02-16,11564,5501.458898999998,6185.01
2024-02-17,13745,5683.063697999999,2180.19
2024-02-18,20875,9952.15738,4516.56
2024-02-19,12178,5485.444359999999,2662.5299999999997
2024-02-20,1670,712.8588799999999,0.0
